Rk,Player,Pos,Age,Tm,G,GS,MP,FG,FGA,FG%,3P,3PA,3P%,2P,2PA,2P%,FT,FTA,FT%,ORB,DRB,TRB,AST,STL,BLK,TOV,PF,PTS,,ORtg,DRtg
1,Steven Adams\adamsst01,C,26,OKC,58,58,1564,8.2,13.8,.591,0.0,0.1,.333,8.1,13.7,.593,3.4,5.7,.590,6.1,10.8,16.9,4.4,1.6,2.0,2.7,3.5,19.7,,123,106
2,Bam Adebayo\adebaba01,PF,22,MIA,65,65,2235,8.9,15.7,.567,0.0,0.3,.077,8.9,15.5,.576,5.2,7.5,.690,3.6,11.3,15.0,7.3,1.7,1.9,4.0,3.6,23.1,,117,106
3,LaMarcus Aldridge\aldrila01,C,34,SAS,53,53,1754,10.7,21.7,.493,1.7,4.3,.389,9.0,17.4,.519,4.3,5.2,.827,2.8,7.9,10.7,3.5,1.0,2.4,2.0,3.5,27.4,,115,113
4,Nickeil Alexander-Walker\alexani01,SG,21,NOP,41,0,501,7.1,20.9,.339,3.7,10.8,.342,3.4,10.1,.336,1.6,2.6,.607,0.7,6.6,7.4,6.8,1.0,0.6,3.7,4.2,19.5,,91,113
5,Grayson Allen\allengr01,SG,24,MEM,30,0,498,7.4,16.5,.449,3.1,8.5,.363,4.3,8.0,.541,2.8,3.3,.857,0.5,5.7,6.2,4.0,0.6,0.1,2.2,3.4,20.7,,111,115
6,Jarrett Allen\allenja01,C,21,BRK,64,58,1647,7.7,11.9,.646,0.0,0.1,.000,7.7,11.8,.654,4.2,6.8,.620,5.6,11.8,17.4,2.4,1.1,2.4,2.1,4.1,19.6,,130,105
7,Kadeem Allen\allenka01,SG,27,NYK,10,0,117,7.9,18.3,.432,2.1,6.7,.313,5.8,11.7,.500,2.9,4.6,.636,0.8,2.9,3.7,8.7,2.1,0.8,3.3,2.9,20.8,,106,114
8,Al-Farouq Aminu\aminual01,PF,29,ORL,18,2,380,3.2,11.0,.291,1.2,4.6,.250,2.1,6.4,.320,2.4,3.7,.655,3.1,8.1,11.2,2.7,2.3,1.0,2.2,3.5,10.0,,88,107
9,Justin Anderson\anderju01,SF,26,BRK,3,0,17,2.8,16.7,.167,0.0,8.4,.000,2.8,8.4,.333,2.8,5.6,.500,0.0,5.6,5.6,0.0,0.0,2.8,0.0,5.6,8.4,,50,110
10,Kyle Anderson\anderky01,PF,26,MEM,59,20,1140,5.7,11.5,.493,0.7,2.5,.258,5.0,8.9,.560,1.8,2.7,.652,2.2,8.3,10.5,5.4,1.9,1.3,2.3,3.5,13.7,,111,109
11,Ryan Anderson\anderry01,PF,31,HOU,2,0,14,6.6,23.2,.286,3.3,16.6,.200,3.3,6.6,.500,0.0,0.0,,0.0,23.2,23.2,6.6,3.3,0.0,3.3,3.3,16.6,,78,98
12,Giannis Antetokounmpo\antetgi01,PF,25,MIL,57,57,1763,16.2,29.5,.547,2.2,7.0,.306,14.0,22.5,.622,9.4,14.8,.633,3.4,16.9,20.3,8.5,1.5,1.5,5.4,4.5,43.8,,116,96
13,Kostas Antetokounmpo\antetko01,PF,22,LAL,3,0,5,0.0,0.0,,0.0,0.0,,0.0,0.0,,0.0,0.0,,0.0,9.5,9.5,9.5,0.0,0.0,0.0,0.0,0.0,,226,110
14,Thanasis Antetokounmpo\antetth01,SF,27,MIL,18,2,93,9.3,17.7,.528,0.0,3.4,.000,9.3,14.3,.655,3.4,7.4,.467,5.4,3.9,9.3,4.4,2.9,1.0,5.4,6.4,22.1,,99,101
15,Carmelo Anthony\anthoca01,PF,35,POR,50,50,1623,8.5,19.9,.426,2.1,5.7,.371,6.4,14.2,.447,3.3,3.9,.843,1.8,7.4,9.2,2.3,1.2,0.7,2.6,4.2,22.4,,102,115
16,OG Anunoby\anunoog01,SF,22,TOR,63,62,1897,6.7,13.3,.507,2.1,5.4,.381,4.7,7.8,.593,1.5,2.2,.686,1.9,6.7,8.6,2.5,2.2,1.1,1.9,3.9,17.0,,113,104
17,Ryan Arcidiacono\arcidry01,PG,25,CHI,58,4,930,4.7,11.4,.409,2.8,7.1,.391,1.9,4.2,.439,1.4,2.0,.711,1.0,4.7,5.7,5.0,1.4,0.2,1.9,5.0,13.5,,111,113
18,Trevor Ariza\arizatr01,SF,34,TOT,53,21,1493,4.6,10.5,.438,2.5,6.7,.372,2.1,3.8,.556,2.0,2.4,.838,1.1,6.9,7.9,2.9,2.2,0.5,1.8,3.6,13.7,,114,112
18,Trevor Ariza\arizatr01,SF,34,SAC,32,0,791,3.9,10.2,.388,2.7,7.5,.352,1.3,2.7,.488,1.3,1.7,.778,1.3,7.7,9.0,3.1,2.2,0.4,1.7,3.9,11.8,,108,110
18,Trevor Ariza\arizatr01,SF,34,POR,21,21,702,5.3,10.8,.491,2.3,5.8,.400,3.0,5.0,.595,2.8,3.2,.872,0.9,5.9,6.8,2.8,2.3,0.5,1.9,3.3,15.7,,121,113
19,D.J. Augustin\augusdj01,PG,32,ORL,49,6,1215,6.3,15.9,.393,2.4,7.0,.345,3.9,9.0,.430,5.6,6.3,.885,0.7,3.7,4.4,9.0,1.2,0.0,2.8,2.1,20.5,,114,114
20,Deandre Ayton\aytonde01,C,21,PHO,30,25,996,12.1,22.1,.548,0.0,0.1,.000,12.1,22.0,.552,2.9,3.7,.769,5.8,11.3,17.1,2.7,1.0,2.4,3.4,4.6,27.1,,110,108
21,Dwayne Bacon\bacondw01,SG,24,CHO,39,11,687,6.2,17.8,.348,1.4,4.9,.284,4.8,12.9,.373,2.6,3.9,.660,1.1,6.2,7.3,3.8,1.7,0.1,2.7,3.8,16.3,,86,114
22,Marvin Bagley III\baglema01,PF,20,SAC,13,6,334,11.4,24.4,.467,0.6,3.2,.182,10.8,21.2,.510,3.7,4.5,.806,4.2,9.9,14.2,1.5,0.9,1.8,2.6,6.3,27.0,,102,110
23,Lonzo Ball\balllo01,PG,22,NOP,56,47,1817,6.6,16.0,.412,3.5,9.2,.383,3.1,6.7,.453,1.0,1.7,.567,1.6,7.2,8.8,10.0,2.0,0.8,4.4,2.8,17.7,,105,111
24,Mo Bamba\bambamo01,C,21,ORL,60,0,868,7.4,15.9,.468,2.1,5.8,.356,5.3,10.0,.534,1.7,2.6,.674,5.5,11.3,16.8,2.4,1.2,4.8,2.4,6.5,18.7,,111,103
25,J.J. Barea\bareajo01,PG,35,DAL,26,4,391,9.2,22.2,.413,3.6,9.4,.382,5.6,12.8,.437,2.1,2.2,.944,1.2,4.7,5.9,12.3,0.5,0.2,4.3,3.1,24.0,,110,115
26,Harrison Barnes\barneha02,PF,27,SAC,64,64,2231,7.1,15.5,.459,2.0,5.3,.383,5.1,10.2,.498,4.3,5.3,.803,1.3,5.4,6.7,3.3,0.8,0.2,1.7,1.8,20.6,,116,115
27,RJ Barrett\barrerj01,SG,19,NYK,56,55,1704,8.3,20.8,.402,1.8,5.6,.320,6.5,15.1,.432,4.5,7.3,.614,1.4,6.5,8.0,4.1,1.6,0.5,3.5,3.5,22.9,,95,114
28,Will Barton\bartowi01,SF,29,DEN,58,58,1916,8.6,19.0,.450,2.8,7.4,.375,5.8,11.6,.498,2.6,3.4,.767,2.0,7.4,9.4,5.5,1.6,0.7,2.3,3.1,22.5,,112,110
29,Keita Bates-Diop\bateske01,SF,24,TOT,39,0,665,6.2,14.5,.428,2.2,6.6,.330,4.1,8.0,.509,3.4,4.8,.710,1.5,6.4,7.8,2.1,1.2,1.5,1.0,2.7,18.0,,112,113
29,Keita Bates-Diop\bateske01,SF,24,MIN,37,0,646,6.3,14.8,.422,2.2,6.8,.330,4.0,8.0,.500,3.3,4.7,.708,1.5,6.4,7.9,2.2,1.2,1.4,1.0,2.6,18.0,,111,113
29,Keita Bates-Diop\bateske01,SF,24,DEN,2,0,19,5.2,5.2,1.000,0.0,0.0,,5.2,5.2,1.000,7.8,10.4,.750,0.0,5.2,5.2,0.0,0.0,2.6,0.0,5.2,18.2,,193,112
30,Nicolas Batum\batumni01,SF,31,CHO,22,3,505,2.8,8.0,.346,1.4,4.9,.286,1.4,3.2,.438,0.9,1.0,.900,2.5,7.4,9.9,6.5,1.7,0.8,2.2,4.1,7.8,,107,112
31,Aron Baynes\baynear01,C,33,PHO,42,28,934,9.3,19.3,.480,3.0,8.5,.351,6.3,10.8,.582,2.8,3.8,.747,3.6,8.4,12.0,3.4,0.5,1.2,2.5,7.1,24.4,,113,113
32,Kent Bazemore\bazemke01,SF-SG,30,TOT,64,21,1604,5.5,14.8,.374,2.3,6.8,.342,3.2,8.0,.401,3.3,4.2,.768,0.7,7.6,8.3,2.5,2.1,1.2,2.5,5.4,16.7,,96,111
32,Kent Bazemore\bazemke01,SF,30,POR,43,21,1111,4.8,14.0,.347,2.4,7.3,.327,2.4,6.6,.368,2.5,3.1,.806,0.6,6.8,7.4,2.6,1.9,1.3,2.6,5.2,14.6,,92,113
32,Kent Bazemore\bazemke01,SG,30,SAC,21,0,493,7.1,16.7,.426,2.2,5.6,.386,4.9,11.1,.446,5.0,6.9,.729,1.1,9.3,10.4,2.4,2.5,0.8,2.5,6.0,21.5,,104,108
33,Darius Bazley\bazleda01,PF,19,OKC,53,8,909,4.7,12.3,.383,1.6,5.4,.300,3.1,7.0,.446,1.7,2.5,.681,1.1,9.4,10.5,1.6,1.1,1.9,2.1,2.4,12.7,,90,108
34,Bradley Beal\bealbr01,SG,26,WAS,57,57,2053,13.5,29.6,.455,3.9,10.9,.353,9.6,18.7,.515,8.8,10.4,.842,1.2,4.3,5.5,7.9,1.6,0.5,4.4,2.9,39.6,,113,117
35,Malik Beasley\beaslma01,SG,23,TOT,55,14,1209,9.1,21.3,.425,4.3,11.0,.388,4.8,10.3,.465,2.2,2.6,.818,0.7,5.2,5.9,3.0,1.6,0.3,2.3,3.1,24.5,,105,113
35,Malik Beasley\beaslma01,SG,23,DEN,41,0,746,7.7,19.9,.389,3.8,10.7,.360,3.9,9.3,.421,2.2,2.5,.868,0.6,4.5,5.1,3.2,2.1,0.4,2.4,3.3,21.5,,100,111
35,Malik Beasley\beaslma01,SG,23,MIN,14,14,463,11.0,23.4,.472,4.9,11.5,.426,6.1,11.8,.517,2.1,2.8,.750,0.9,6.2,7.1,2.7,0.9,0.2,2.1,2.7,29.1,,111,115
36,Marco Belinelli\belinma01,SG,33,SAS,52,0,779,6.5,16.7,.391,3.5,9.6,.368,3.0,7.2,.422,2.0,2.5,.780,0.2,5.3,5.5,3.9,0.6,0.1,1.0,2.5,18.6,,108,118
37,Jordan Bell\belljo01,C-PF,25,TOT,29,0,256,6.4,12.2,.522,0.7,2.2,.333,5.6,10.0,.564,3.4,5.6,.613,5.4,9.3,14.7,2.9,0.5,1.8,3.8,3.4,16.9,,108,112
37,Jordan Bell\belljo01,C,25,MIN,27,0,235,6.3,11.9,.533,0.4,1.8,.222,5.9,10.1,.588,3.4,5.7,.586,5.5,9.9,15.4,2.8,0.4,2.0,3.6,3.4,16.4,,108,112
37,Jordan Bell\belljo01,PF,25,MEM,2,0,21,6.7,15.6,.429,4.4,6.7,.667,2.2,8.9,.250,4.4,4.4,1.000,4.4,2.2,6.7,4.4,2.2,0.0,6.7,4.4,22.2,,103,113
38,DeAndre' Bembry\bembrde01,SG,25,ATL,43,4,915,5.3,11.6,.456,0.8,3.3,.231,4.5,8.3,.546,1.3,2.4,.542,1.7,6.0,7.7,4.1,2.8,1.0,3.1,4.3,12.7,,95,112
39,Dragan Bender\bendedr01,SF,22,TOT,16,3,286,6.8,15.2,.446,2.5,7.1,.349,4.3,8.1,.531,1.6,2.3,.714,2.6,9.4,12.0,4.6,0.7,1.5,3.5,6.9,17.6,,102,110
39,Dragan Bender\bendedr01,SF,22,MIL,7,0,91,5.0,10.5,.476,2.0,4.5,.444,3.0,6.0,.500,1.0,1.5,.667,0.0,10.0,10.0,4.5,0.0,2.5,2.5,8.0,13.1,,105,102
39,Dragan Bender\bendedr01,SF,22,GSW,9,3,195,7.6,17.4,.437,2.7,8.3,.324,4.9,9.1,.541,2.0,2.7,.727,3.9,9.1,13.0,4.7,1.0,1.0,3.9,6.4,19.9,,101,114
40,Dāvis Bertāns\bertada01,PF,27,WAS,54,4,1583,7.8,18.0,.434,5.9,13.9,.424,1.9,4.1,.471,3.1,3.6,.852,1.0,6.2,7.2,2.7,1.1,1.0,1.7,4.1,24.6,,120,117
41,Patrick Beverley\beverpa01,PG,31,LAC,48,48,1299,5.0,11.8,.428,2.7,7.2,.379,2.3,4.6,.504,1.0,1.5,.659,2.0,7.4,9.4,6.5,1.9,0.9,2.3,5.4,13.8,,115,106
42,Khem Birch\birchkh01,C,27,ORL,40,24,777,3.5,7.2,.487,0.0,0.1,.000,3.5,7.2,.491,2.6,4.2,.612,4.4,6.9,11.3,2.2,1.0,1.3,1.4,4.6,9.6,,116,110
43,Goga Bitadze\bitadgo01,C,20,IND,49,2,410,7.2,15.3,.473,0.7,4.3,.167,6.5,11.1,.591,2.9,3.9,.727,2.6,8.8,11.4,2.5,0.7,3.8,3.0,6.8,18.1,,100,106
44,Bismack Biyombo\biyombi01,C,27,CHO,53,29,1029,7.4,13.5,.543,0.0,0.0,,7.4,13.5,.543,4.4,7.4,.603,5.8,9.2,15.0,2.4,0.5,2.4,2.3,5.6,19.1,,116,112
45,Nemanja Bjelica\bjeline01,PF,31,SAC,64,61,1821,7.7,16.2,.475,3.3,7.9,.424,4.3,8.3,.524,1.6,2.0,.822,2.9,8.2,11.0,4.8,1.4,0.9,2.5,5.2,20.3,,117,111
46,Eric Bledsoe\bledser01,PG,30,MIL,56,56,1524,9.6,19.9,.482,2.1,6.0,.348,7.5,13.8,.540,4.7,5.8,.813,1.2,6.5,7.8,9.1,1.6,0.7,4.2,3.6,25.9,,113,103
47,Bogdan Bogdanović\bogdabo01,SG,27,SAC,53,20,1510,8.9,20.6,.433,4.4,12.3,.361,4.5,8.4,.541,2.5,3.4,.724,0.5,5.0,5.5,5.5,1.7,0.5,2.9,3.7,24.8,,108,113
48,Bojan Bogdanović\bogdabo02,SF,30,UTA,63,63,2083,9.8,21.9,.447,4.4,10.7,.414,5.4,11.2,.479,5.9,6.5,.903,0.9,5.1,6.1,3.1,0.8,0.2,3.7,2.6,29.8,,111,113
49,Jonah Bolden\boldejo01,PF,24,TOT,7,0,47,4.1,11.2,.364,0.0,4.1,.000,4.1,7.1,.571,2.0,4.1,.500,3.0,6.1,9.1,0.0,3.0,2.0,2.0,10.2,10.2,,79,106
49,Jonah Bolden\boldejo01,PF,24,PHI,4,0,14,6.9,10.4,.667,0.0,3.5,.000,6.9,6.9,1.000,0.0,6.9,.000,0.0,3.5,3.5,0.0,3.5,0.0,6.9,13.9,13.9,,56,107
49,Jonah Bolden\boldejo01,PF,24,PHO,3,0,33,2.9,11.5,.250,0.0,4.3,.000,2.9,7.2,.400,2.9,2.9,1.000,4.3,7.2,11.5,0.0,2.9,2.9,0.0,8.6,8.6,,93,106
50,Marques Bolden\boldema01,C,21,CLE,1,0,3,0.0,0.0,,0.0,0.0,,0.0,0.0,,0.0,0.0,,0.0,32.4,32.4,0.0,16.2,0.0,0.0,16.2,0.0,,,69
51,Jordan Bone\bonejo01,PG,22,DET,10,0,53,4.6,18.6,.250,1.9,9.3,.200,2.8,9.3,.300,0.0,0.0,,0.0,3.7,3.7,7.4,0.9,0.0,1.9,5.6,11.1,,76,117
52,Isaac Bonga\bongais01,SF,20,WAS,58,41,1025,4.4,8.4,.522,1.0,2.5,.400,3.4,5.9,.574,2.4,2.9,.813,2.8,5.6,8.3,2.8,1.7,1.0,1.9,6.2,12.1,,121,116
53,Devin Booker\bookede01,SG,23,PHO,62,62,2241,11.5,23.6,.487,2.7,7.4,.360,8.8,16.2,.544,8.6,9.3,.916,0.6,4.9,5.5,8.6,1.0,0.3,5.2,4.0,34.2,,114,115
54,Chris Boucher\bouchch01,PF,27,TOR,55,0,724,7.8,17.1,.458,1.8,6.5,.283,6.0,10.6,.565,5.4,6.8,.796,6.2,9.8,15.9,1.5,1.3,3.5,1.5,6.9,22.9,,122,101
55,Brian Bowen\bowenbr02,SG,21,IND,5,1,29,3.4,15.1,.222,0.0,3.4,.000,3.4,11.8,.286,0.0,0.0,,1.7,10.1,11.8,0.0,0.0,1.7,1.7,3.4,6.7,,50,109
56,Ky Bowman\bowmaky01,PG,22,GSW,45,12,1015,6.3,15.1,.417,1.6,5.0,.308,4.8,10.1,.472,1.6,1.9,.829,1.1,4.6,5.7,6.2,2.1,0.5,3.3,4.8,15.8,,96,115
57,Avery Bradley\bradlav01,SG,29,LAL,49,44,1186,6.8,15.4,.444,2.5,6.9,.364,4.3,8.4,.510,0.8,1.0,.833,0.7,3.9,4.6,2.5,1.7,0.2,1.9,4.4,17.0,,104,109
58,Tony Bradley\bradlto01,C,22,UTA,50,2,535,9.4,14.1,.665,0.1,0.1,1.000,9.3,14.0,.662,2.4,3.6,.650,8.2,11.5,19.7,1.5,1.1,2.3,2.1,8.9,21.2,,135,105
59,Jarrell Brantley\brantja01,PF,23,UTA,5,0,13,0.0,0.0,,0.0,0.0,,0.0,0.0,,0.0,0.0,,0.0,18.8,18.8,3.8,0.0,7.5,7.5,7.5,0.0,,27,97
60,Ignas Brazdeikis\brazdig01,SF,21,NYK,9,0,53,5.5,20.2,.273,0.9,8.3,.111,4.6,11.9,.385,3.7,4.6,.800,1.8,2.8,4.6,3.7,0.0,0.9,1.8,2.8,15.6,,82,119
61,Mikal Bridges\bridgmi01,SF,23,PHO,65,24,1772,5.6,10.9,.516,1.5,4.2,.352,4.1,6.6,.621,2.4,2.8,.848,1.6,5.3,6.9,3.1,2.5,1.0,1.7,3.8,15.1,,119,110
62,Miles Bridges\bridgmi02,SF,21,CHO,65,64,1995,8.0,18.9,.424,2.5,7.5,.330,5.5,11.4,.486,2.7,3.3,.809,2.2,6.9,9.1,2.9,1.0,1.2,2.4,3.3,21.2,,103,114
63,Oshae Brissett\brissos01,SF,21,TOR,19,0,135,4.6,12.7,.361,1.1,5.3,.200,3.5,7.4,.476,2.8,3.5,.800,3.2,6.0,9.2,2.5,1.4,0.4,2.5,6.4,13.1,,96,107
64,Ryan Broekhoff\broekry01,SG,29,DAL,17,1,180,5.9,15.9,.373,5.4,13.7,.392,0.5,2.2,.250,1.9,2.2,.875,1.3,10.2,11.6,3.0,1.3,1.1,1.6,4.0,19.1,,115,109
65,Malcolm Brogdon\brogdma01,PG,27,IND,48,48,1472,9.6,21.8,.439,2.0,6.5,.313,7.5,15.4,.491,4.8,5.4,.895,1.3,6.2,7.5,11.4,1.1,0.3,3.8,2.9,25.9,,110,111
66,Dillon Brooks\brookdi01,SG,24,MEM,65,65,1851,9.4,23.3,.402,3.3,9.0,.369,6.1,14.3,.423,3.6,4.5,.809,1.5,3.8,5.4,3.2,1.4,0.6,2.7,6.2,25.7,,100,113
67,Bruce Brown\brownbr01,SG,23,DET,58,43,1634,6.0,13.5,.443,1.0,2.9,.344,5.0,10.6,.470,2.6,3.6,.739,1.8,6.4,8.2,6.9,1.9,0.9,3.0,4.9,15.6,,106,112
68,Charlie Brown\brownch02,SG,22,ATL,10,0,40,7.0,22.1,.316,3.5,10.5,.333,3.5,11.6,.300,5.8,5.8,1.000,2.3,2.3,4.7,2.3,2.3,2.3,3.5,3.5,23.3,,93,114
69,Jaylen Brown\brownja02,SF,23,BOS,50,50,1702,10.7,21.9,.490,3.0,8.0,.381,7.7,14.0,.552,4.5,6.1,.736,1.5,7.5,9.0,3.1,1.6,0.5,3.3,4.3,29.0,,111,108
70,Moses Brown\brownmo01,C,20,POR,9,0,33,5.8,14.4,.400,0.0,0.0,,5.8,14.4,.400,4.3,11.6,.375,4.3,15.9,20.2,1.4,1.4,1.4,4.3,10.1,15.9,,81,107
71,Sterling Brown\brownst02,SF,24,MIL,45,1,665,5.5,15.0,.367,2.5,7.8,.316,3.0,7.1,.423,1.9,2.4,.771,1.9,9.4,11.3,3.2,1.5,0.5,2.5,3.1,15.3,,96,102
72,Troy Brown Jr.\browntr01,SG,20,WAS,61,14,1519,7.0,15.5,.453,1.5,4.5,.345,5.5,11.1,.496,2.6,3.5,.754,2.0,8.0,10.0,4.4,2.3,0.2,2.0,3.4,18.3,,110,114
73,Jalen Brunson\brunsja01,PG,23,DAL,57,16,1022,8.6,18.4,.466,2.0,5.7,.358,6.5,12.7,.515,2.9,3.6,.813,1.0,5.3,6.3,8.9,1.0,0.2,3.1,3.5,22.1,,114,113
74,Thomas Bryant\bryanth01,C,22,WAS,38,28,901,9.5,15.9,.599,1.1,2.8,.407,8.4,13.1,.640,3.6,4.9,.737,3.9,9.6,13.5,3.7,0.7,1.7,2.5,4.4,23.8,,126,115
75,Reggie Bullock\bullore01,SG,28,NYK,29,19,684,6.4,15.9,.402,2.6,7.9,.333,3.8,8.0,.469,1.2,1.5,.810,0.9,3.9,4.8,3.0,1.8,0.2,1.4,4.0,16.7,,105,115
76,Trey Burke\burketr01,PG,27,PHI,25,0,329,8.7,18.8,.465,2.4,5.6,.421,6.3,13.1,.483,1.9,2.7,.722,2.2,3.0,5.2,7.8,1.0,0.1,1.8,3.1,21.7,,118,113
77,Alec Burks\burksal01,SG,28,TOT,59,18,1612,8.4,20.9,.404,3.0,8.1,.366,5.4,12.7,.428,6.7,7.5,.896,1.3,6.5,7.8,5.1,1.7,0.5,2.5,3.6,26.5,,110,114
77,Alec Burks\burksal01,SG,28,GSW,48,18,1390,8.4,20.7,.406,2.9,7.7,.375,5.5,13.0,.424,6.9,7.7,.897,1.3,6.5,7.8,5.2,1.7,0.6,2.6,3.7,26.6,,110,114
77,Alec Burks\burksal01,SG,28,PHI,11,0,222,8.5,21.9,.390,3.5,10.7,.327,5.0,11.2,.451,5.3,5.9,.889,1.3,6.6,7.9,4.4,1.8,0.0,2.0,2.8,25.8,,109,110
78,Deonte Burton\burtode02,SG,26,OKC,34,0,284,6.7,18.0,.371,1.7,7.9,.217,5.0,10.1,.492,1.0,2.1,.500,1.0,7.2,8.2,1.9,0.9,1.7,2.4,4.8,16.1,,83,110
79,Jimmy Butler\butleji01,SF,30,MIA,54,54,1851,8.7,19.1,.454,0.8,3.1,.248,7.9,16.0,.494,10.8,13.0,.833,2.6,6.9,9.5,8.7,2.4,0.8,3.1,2.0,28.9,,123,108
80,Bruno Caboclo\cabocbr01,SF,24,TOT,27,0,220,6.8,16.3,.416,0.8,5.9,.143,5.9,10.4,.571,0.8,1.1,.800,4.7,6.6,11.2,2.5,2.5,3.4,1.9,5.3,15.3,,100,106
80,Bruno Caboclo\cabocbr01,SF,24,MEM,22,0,192,6.8,16.8,.406,1.0,6.1,.160,5.8,10.7,.545,0.5,0.7,.667,4.1,6.6,10.7,2.4,2.4,2.9,1.7,5.6,15.1,,97,106
80,Bruno Caboclo\cabocbr01,SF,24,HOU,5,0,28,6.6,13.3,.500,0.0,5.0,.000,6.6,8.3,.800,3.3,3.3,1.000,8.3,6.6,14.9,3.3,3.3,6.6,3.3,3.3,16.6,,119,100
81,Kentavious Caldwell-Pope\caldwke01,SG,26,LAL,63,20,1603,6.5,13.8,.472,2.6,6.6,.394,3.9,7.3,.543,2.2,2.8,.779,1.1,2.8,3.9,3.1,1.6,0.4,1.6,3.5,17.8,,117,110
82,Vlatko Čančar\cancavl01,SF,22,DEN,14,0,45,6.6,16.5,.400,1.1,6.6,.167,5.5,9.9,.556,4.4,4.4,1.000,5.5,5.5,11.0,3.3,1.1,1.1,3.3,7.7,18.7,,106,111
83,Clint Capela\capelca01,C,25,HOU,39,39,1279,8.9,14.1,.629,0.0,0.0,,8.9,14.1,.629,2.0,3.8,.529,6.1,13.4,19.5,1.7,1.2,2.6,2.3,3.7,19.7,,124,105
84,DeMarre Carroll\carrode01,SF,33,TOT,21,0,231,4.3,11.1,.389,1.4,5.5,.259,2.9,5.5,.519,4.9,7.4,.667,2.3,7.4,9.6,3.7,0.8,0.8,3.3,5.7,15.0,,101,114
84,DeMarre Carroll\carrode01,SF,33,SAS,15,0,135,3.2,10.3,.310,1.1,4.6,.231,2.1,5.7,.375,4.3,7.1,.600,2.5,8.5,11.0,3.9,0.7,0.7,3.6,7.1,11.7,,88,115
84,DeMarre Carroll\carrode01,SF,33,HOU,6,0,96,5.8,12.1,.480,1.9,6.8,.286,3.9,5.3,.727,5.8,7.7,.750,1.9,5.8,7.7,3.4,1.0,1.0,2.9,3.9,19.4,,118,112
85,Jevon Carter\carteje01,PG,24,PHO,50,2,754,5.1,12.9,.400,2.9,7.3,.393,2.3,5.5,.409,1.3,1.6,.840,1.6,4.6,6.2,4.1,2.4,0.8,1.9,4.8,14.5,,107,111
86,Vince Carter\cartevi01,SF,43,ATL,60,0,876,5.7,16.2,.352,3.2,10.7,.302,2.4,5.4,.451,1.2,1.5,.793,1.0,5.6,6.6,2.6,1.2,1.3,1.8,4.8,15.9,,94,116
87,Wendell Carter Jr.\cartewe01,C,20,CHI,43,43,1256,7.0,13.2,.534,0.2,1.1,.207,6.8,12.0,.564,4.3,5.8,.737,5.3,10.2,15.5,2.0,1.3,1.4,2.8,6.2,18.6,,115,108
88,Michael Carter-Williams\cartemi01,SG,28,ORL,42,0,773,6.6,15.3,.434,1.3,4.3,.294,5.4,11.0,.489,4.5,5.5,.828,2.8,6.1,8.8,6.4,2.8,1.3,3.0,4.9,19.1,,110,107
89,Alex Caruso\carusal01,PG,25,LAL,58,1,1032,5.1,12.0,.423,1.8,4.9,.355,3.3,7.1,.471,2.7,3.5,.763,0.6,4.5,5.2,4.7,2.8,0.8,2.1,3.9,14.6,,108,106
90,Willie Cauley-Stein\caulewi01,C,26,TOT,54,39,1097,7.6,13.2,.579,0.0,0.0,.000,7.6,13.2,.581,1.7,2.9,.606,3.7,10.1,13.8,3.1,2.1,2.7,1.7,5.3,17.0,,118,108
90,Willie Cauley-Stein\caulewi01,C,26,GSW,41,37,940,7.3,13.1,.560,0.0,0.0,,7.3,13.1,.560,1.8,2.9,.614,3.6,9.4,13.0,3.1,2.3,2.5,1.8,5.2,16.4,,114,109
90,Willie Cauley-Stein\caulewi01,C,26,DAL,13,2,157,9.6,13.9,.689,0.0,0.3,.000,9.6,13.6,.705,1.5,2.8,.556,4.0,14.5,18.5,3.1,1.2,3.4,1.5,5.9,20.7,,136,103
91,Tyson Chandler\chandty01,C,37,HOU,26,5,219,3.0,3.8,.778,0.0,0.0,,3.0,3.8,.778,1.3,2.8,.462,5.3,8.7,14.0,1.3,1.3,1.7,1.7,6.8,7.2,,135,109
92,Wilson Chandler\chandwi01,SF,32,BRK,35,3,734,4.8,11.8,.404,2.4,7.8,.306,2.4,4.0,.597,1.3,1.5,.870,0.7,8.7,9.4,2.5,1.0,0.8,2.2,5.1,13.3,,99,109
93,Joe Chealey\chealjo01,PG,24,CHO,4,0,33,0.0,10.6,.000,0.0,6.1,.000,0.0,4.6,.000,3.0,3.0,1.000,0.0,0.0,0.0,1.5,6.1,0.0,3.0,3.0,3.0,,29,108
94,Zylan Cheatham\cheatzy01,SF,24,NOP,3,0,31,3.0,7.5,.400,0.0,1.5,.000,3.0,6.0,.500,0.0,0.0,,1.5,7.5,8.9,3.0,0.0,1.5,4.5,7.5,6.0,,67,114
95,Chris Chiozza\chiozch01,PG,24,TOT,21,0,249,6.0,14.9,.405,3.4,7.7,.439,2.6,7.2,.368,0.4,0.4,1.000,1.1,5.5,6.6,9.1,2.8,0.4,3.2,4.3,15.9,,107,111
95,Chris Chiozza\chiozch01,PG,24,WAS,10,0,123,3.8,12.9,.294,2.7,6.1,.438,1.1,6.8,.167,0.0,0.0,,0.0,5.7,5.7,10.6,3.8,0.8,3.4,4.6,10.2,,91,111
95,Chris Chiozza\chiozch01,PG,24,BRK,11,0,126,8.3,16.9,.489,4.1,9.4,.440,4.1,7.5,.550,0.8,0.8,1.000,2.3,5.3,7.5,7.5,1.9,0.0,3.0,4.1,21.5,,121,110
96,Marquese Chriss\chrisma01,PF,22,GSW,59,21,1196,8.4,15.4,.545,0.3,1.6,.205,8.1,13.8,.584,4.8,6.2,.769,4.6,10.0,14.6,4.6,1.6,2.5,3.1,4.9,21.9,,117,110
97,Gary Clark\clarkga01,PF,25,TOT,35,1,425,4.3,11.3,.376,3.1,9.6,.326,1.1,1.7,.667,0.9,1.0,.889,3.0,6.5,9.5,1.7,0.6,1.6,0.6,3.5,12.5,,120,112
97,Gary Clark\clarkga01,PF,25,HOU,18,0,212,5.0,12.9,.390,3.9,11.2,.353,1.1,1.8,.625,1.3,1.5,.857,2.4,6.4,8.8,2.6,0.4,1.5,0.4,4.6,15.3,,127,113
97,Gary Clark\clarkga01,PF,25,ORL,17,1,213,3.4,9.6,.357,2.3,8.0,.286,1.1,1.6,.714,0.5,0.5,1.000,3.7,6.6,10.3,0.7,0.7,1.6,0.7,2.3,9.6,,110,111
98,Brandon Clarke\clarkbr01,PF,23,MEM,50,3,1086,10.9,17.5,.623,0.9,2.2,.404,10.0,15.3,.654,3.1,4.0,.785,3.4,9.2,12.6,3.1,1.1,1.8,2.0,3.5,25.9,,129,109
99,Jordan Clarkson\clarkjo01,SG,27,TOT,63,0,1527,11.2,24.0,.465,4.1,11.3,.368,7.0,12.8,.550,3.9,4.6,.841,1.5,3.8,5.3,4.0,1.4,0.5,2.6,2.9,30.4,,114,114
99,Jordan Clarkson\clarkjo01,SG,27,CLE,29,0,666,10.5,23.8,.442,4.3,11.6,.371,6.2,12.2,.509,5.6,6.3,.884,1.5,3.5,5.0,5.1,1.2,0.6,2.8,2.4,30.9,,116,118
99,Jordan Clarkson\clarkjo01,SG,27,UTA,34,0,861,11.7,24.2,.482,4.0,11.0,.366,7.6,13.2,.579,2.6,3.3,.780,1.5,4.1,5.5,3.1,1.5,0.4,2.4,3.3,30.0,,112,111
100,Nicolas Claxton\claxtni01,PF,20,BRK,15,0,187,6.9,12.2,.563,0.3,1.8,.143,6.6,10.4,.634,2.8,5.3,.524,4.8,6.3,11.2,4.1,0.3,2.0,2.3,3.6,16.7,,118,110
101,Chris Clemons\clemoch01,SG,22,HOU,29,0,251,9.4,23.3,.405,6.1,17.4,.351,3.3,5.9,.563,1.1,1.3,.857,0.6,3.7,4.3,4.1,1.1,0.9,3.1,3.7,26.1,,104,113
102,Antonius Cleveland\clevean01,SG,25,DAL,6,0,22,4.4,13.2,.333,0.0,2.2,.000,4.4,11.0,.400,2.2,4.4,.500,0.0,6.6,6.6,0.0,2.2,2.2,2.2,4.4,11.0,,66,108
103,Amir Coffey\coffeam01,SG,22,LAC,13,0,98,6.3,15.9,.394,0.5,3.4,.143,5.8,12.5,.462,0.5,1.4,.333,1.9,4.8,6.7,4.3,0.5,0.5,1.4,5.8,13.5,,94,112
104,John Collins\collijo01,PF,22,ATL,41,41,1363,12.1,20.7,.583,2.0,5.0,.401,10.1,15.7,.642,4.1,5.1,.800,4.0,10.3,14.2,2.1,1.1,2.3,2.6,4.7,30.3,,124,112
105,Zach Collins\colliza01,PF,22,POR,3,3,86,5.0,10.5,.474,1.7,3.9,.429,3.3,6.7,.500,3.3,3.3,1.000,2.2,4.4,6.7,3.3,0.0,1.1,3.3,6.1,15.0,,112,119
106,Mike Conley\conlemi01,PG,32,UTA,41,35,1171,8.2,20.2,.405,3.3,8.9,.376,4.9,11.4,.429,3.9,4.9,.795,1.1,4.4,5.5,7.4,1.3,0.2,3.2,3.8,23.6,,108,112
107,Pat Connaughton\connapa01,SG,27,MIL,61,1,1119,4.9,10.7,.456,1.8,5.6,.321,3.1,5.1,.605,1.1,1.5,.750,2.3,8.3,10.6,3.9,0.8,1.2,1.9,2.5,12.6,,113,103
108,Quinn Cook\cookqu01,PG,26,LAL,38,0,409,8.8,20.1,.439,2.9,7.7,.379,5.9,12.4,.477,0.7,1.0,.667,0.8,3.8,4.7,4.7,1.3,0.1,2.9,2.7,21.3,,100,110
109,Tyler Cook\cookty01,PF,22,CLE,11,0,35,9.7,13.9,.700,0.0,0.0,,9.7,13.9,.700,7.0,8.3,.833,5.6,8.3,13.9,1.4,1.4,0.0,1.4,5.6,26.4,,150,116
110,Robert Covington\covinro01,PF,29,TOT,62,60,1867,7.0,16.1,.432,3.7,10.5,.349,3.3,5.6,.589,2.1,2.7,.796,1.3,8.5,9.9,1.8,2.4,2.0,2.3,4.9,19.7,,106,108
110,Robert Covington\covinro01,PF,29,MIN,48,47,1411,7.1,16.3,.435,3.6,10.3,.346,3.6,6.1,.587,2.5,3.1,.798,1.2,8.3,9.4,1.8,2.6,1.5,2.4,4.9,20.2,,106,109
110,Robert Covington\covinro01,PF,29,HOU,14,13,456,6.5,15.5,.421,4.1,11.4,.357,2.4,4.1,.600,1.1,1.4,.786,1.8,9.4,11.2,1.8,1.5,3.6,2.0,4.9,18.2,,109,106
111,Allen Crabbe\crabbal01,SG,27,TOT,37,1,653,4.5,12.6,.356,2.6,8.5,.303,1.9,4.1,.466,0.7,1.0,.714,0.8,4.7,5.5,2.4,1.1,0.3,1.2,3.4,12.3,,97,117
111,Allen Crabbe\crabbal01,SG,27,ATL,28,1,522,4.6,12.8,.364,2.7,8.3,.323,2.0,4.5,.440,0.8,1.1,.750,0.9,4.9,5.8,2.5,1.3,0.4,1.1,3.2,12.8,,100,117
111,Allen Crabbe\crabbal01,SG,27,MIN,9,0,131,3.9,12.0,.324,2.1,9.2,.231,1.8,2.8,.625,0.4,0.7,.500,0.4,3.9,4.3,1.8,0.0,0.0,1.8,3.9,10.3,,81,119
112,Torrey Craig\craigto01,SF,29,DEN,50,19,869,5.5,11.8,.462,2.0,6.2,.330,3.4,5.6,.606,1.1,1.8,.645,2.7,6.1,8.9,1.9,1.0,1.8,1.3,6.4,14.1,,115,110
113,Jae Crowder\crowdja01,SF,29,TOT,58,46,1695,5.5,14.3,.384,3.1,9.9,.318,2.3,4.4,.532,2.6,3.4,.785,1.3,8.5,9.8,4.2,1.9,0.6,1.7,3.5,16.8,,109,109
113,Jae Crowder\crowdja01,SF,29,MEM,45,45,1322,5.2,14.1,.368,2.8,9.4,.293,2.4,4.7,.519,2.6,3.4,.789,1.4,8.4,9.8,4.4,1.7,0.5,1.9,3.0,15.8,,106,110
113,Jae Crowder\crowdja01,SF,29,MIA,13,1,373,6.6,15.0,.439,4.6,11.7,.393,2.0,3.3,.600,2.6,3.4,.769,1.0,8.9,10.0,3.4,2.6,0.9,1.0,5.4,20.3,,124,106
114,Jarrett Culver\culveja01,SG,20,MIN,63,35,1506,7.1,17.5,.404,2.0,6.8,.299,5.1,10.7,.471,1.7,3.6,.462,2.2,4.4,6.5,3.4,1.8,1.2,2.5,3.9,17.9,,94,113
115,Seth Curry\curryse01,SG,29,DAL,59,20,1448,8.9,17.8,.500,4.5,10.0,.453,4.3,7.8,.560,2.5,2.9,.841,0.9,3.8,4.6,4.0,1.2,0.3,2.0,3.4,24.8,,124,114
116,Stephen Curry\curryst01,PG,31,GSW,5,5,139,11.4,28.2,.402,4.1,16.9,.245,7.2,11.4,.636,9.0,9.0,1.000,1.4,7.6,9.0,11.4,1.7,0.7,5.5,3.8,35.8,,109,113
117,Troy Daniels\danietr01,SG,28,TOT,42,0,457,6.5,16.6,.390,4.2,11.8,.354,2.3,4.8,.478,1.0,1.7,.625,1.2,3.5,4.8,1.5,0.8,0.3,0.9,3.1,18.1,,107,111
117,Troy Daniels\danietr01,SG,28,LAL,41,0,456,6.5,16.5,.392,4.2,11.7,.357,2.3,4.8,.478,1.0,1.7,.625,1.3,3.5,4.8,1.5,0.8,0.3,0.9,3.1,18.2,,108,111
117,Troy Daniels\danietr01,SG,28,DEN,1,0,1,0.0,49.4,.000,0.0,49.4,.000,0.0,0.0,,0.0,0.0,,0.0,0.0,0.0,0.0,0.0,0.0,0.0,0.0,0.0,,0,119
118,Anthony Davis\davisan02,PF,26,LAL,55,55,1889,12.8,25.0,.511,1.6,4.9,.335,11.2,20.2,.554,9.7,11.5,.845,3.1,9.9,13.0,4.3,2.1,3.4,3.4,3.5,37.0,,121,101
119,Ed Davis\davised01,C,30,UTA,25,0,268,2.5,6.2,.412,0.0,0.0,,2.5,6.2,.412,0.9,2.0,.455,5.3,12.0,17.3,1.5,1.8,1.6,2.4,10.0,6.0,,98,104
120,Terence Davis\daviste02,SG,22,TOR,64,2,1087,7.9,17.2,.463,3.9,9.7,.396,4.1,7.4,.550,2.0,2.3,.865,2.0,7.5,9.5,4.7,1.4,0.5,2.9,4.6,21.7,,113,106
121,Dewayne Dedmon\dedmode01,C,30,TOT,44,18,774,6.3,15.8,.400,1.4,6.6,.206,5.0,9.2,.541,1.9,2.2,.833,3.7,11.7,15.5,1.4,1.6,2.5,3.5,8.3,15.9,,90,108
121,Dewayne Dedmon\dedmode01,C,30,SAC,34,10,541,6.2,15.4,.404,1.3,6.4,.197,5.0,9.0,.550,2.1,2.5,.821,4.1,10.9,15.1,1.4,1.4,2.3,4.2,8.4,15.8,,89,108
121,Dewayne Dedmon\dedmode01,C,30,ATL,10,8,233,6.6,16.8,.393,1.6,7.2,.222,5.0,9.6,.521,1.4,1.6,.875,2.8,13.6,16.4,1.4,2.0,3.0,2.0,8.0,16.2,,94,107
122,Matthew Dellavedova\dellama01,PG,29,CLE,57,4,821,3.7,10.4,.354,1.2,5.4,.231,2.4,5.0,.488,1.9,2.2,.865,1.1,3.4,4.4,10.7,1.2,0.1,3.5,4.6,10.5,,103,118
123,DeMar DeRozan\derozde01,SF,30,SAS,61,61,2091,11.6,22.0,.526,0.2,0.7,.267,11.4,21.3,.535,7.8,9.2,.843,0.9,7.0,7.9,7.8,1.4,0.3,3.4,3.8,31.0,,117,115
124,Cheick Diallo\diallch01,C,23,PHO,44,2,467,9.0,13.9,.650,0.1,0.2,.500,8.9,13.7,.652,3.2,3.8,.865,2.8,10.0,12.9,2.2,1.0,1.2,3.0,5.5,21.4,,119,111
125,Hamidou Diallo\diallha01,SF,21,OKC,38,3,699,6.9,15.3,.452,0.5,2.4,.200,6.4,12.8,.500,2.0,3.1,.622,2.0,6.5,8.5,1.5,2.0,0.6,2.6,5.7,16.2,,93,109
126,Gorgui Dieng\dienggo01,C,30,TOT,58,17,1012,7.3,15.8,.461,2.3,6.5,.359,4.9,9.2,.532,2.8,3.8,.735,4.0,11.4,15.4,3.3,2.2,2.6,2.5,5.1,19.7,,112,106
126,Gorgui Dieng\dienggo01,C,30,MIN,46,17,778,7.4,16.5,.448,2.7,7.2,.383,4.7,9.4,.497,2.8,3.5,.797,4.4,10.9,15.3,3.5,2.2,2.5,2.6,5.3,20.3,,113,107
126,Gorgui Dieng\dienggo01,C,30,MEM,12,0,234,6.8,13.2,.515,1.0,4.4,.227,5.8,8.8,.659,2.8,4.8,.583,2.8,13.2,16.0,2.6,2.2,2.8,2.2,4.6,17.4,,110,103
127,Spencer Dinwiddie\dinwisp01,SG,26,BRK,64,49,1994,10.1,24.3,.415,2.9,9.5,.308,7.2,14.8,.485,8.3,10.6,.778,0.8,4.5,5.3,10.3,1.0,0.5,4.1,4.3,31.4,,111,112
128,Donte DiVincenzo\divindo01,SG,23,MIL,59,22,1362,7.0,15.2,.462,2.6,7.4,.344,4.5,7.8,.576,2.0,2.6,.769,2.0,7.7,9.7,4.6,2.7,0.6,2.4,3.3,18.6,,112,100
129,Luka Dončić\doncilu01,PG,20,DAL,54,54,1799,13.8,29.9,.461,4.2,13.2,.318,9.6,16.7,.574,9.9,13.2,.752,1.9,11.7,13.5,12.7,1.6,0.3,6.1,3.6,41.7,,116,108
130,Luguentz Dort\dortlu01,SG,20,OKC,29,21,637,5.0,12.0,.414,1.7,5.6,.301,3.3,6.4,.512,2.1,2.8,.778,1.1,3.0,4.1,1.6,1.8,0.2,1.1,6.0,13.8,,105,112
131,Damyean Dotson\dotsoda01,SG,25,NYK,48,0,836,7.0,16.9,.414,3.4,9.5,.362,3.6,7.4,.480,1.3,1.9,.667,0.6,4.7,5.3,3.3,1.3,0.2,1.2,2.6,18.7,,109,116
132,Sekou Doumbouya\doumbse01,SF,19,DET,38,19,754,6.0,15.4,.390,1.8,6.4,.286,4.2,9.0,.464,2.0,3.0,.674,1.3,6.4,7.7,1.2,1.3,0.5,2.3,5.2,15.9,,90,114
133,PJ Dozier\doziepj01,PG,23,DEN,21,0,234,7.6,19.2,.396,1.5,5.9,.250,6.1,13.3,.460,1.5,2.3,.636,1.1,5.3,6.3,6.1,1.5,1.1,2.3,5.7,18.1,,96,111
134,Goran Dragić\dragigo01,PG,33,MIA,54,1,1531,9.3,21.2,.437,3.8,10.0,.377,5.5,11.2,.491,5.4,7.1,.769,0.8,4.5,5.3,8.7,1.0,0.3,4.3,3.4,27.7,,110,113
135,Andre Drummond\drumman01,C,26,TOT,57,56,1879,10.9,20.5,.533,0.1,0.9,.143,10.8,19.6,.551,4.4,7.7,.575,6.5,16.1,22.6,4.0,2.8,2.4,5.3,5.3,26.4,,104,103
135,Andre Drummond\drumman01,C,26,DET,49,48,1654,10.7,20.2,.530,0.0,0.6,.048,10.7,19.6,.546,4.4,7.6,.584,6.7,16.3,23.0,4.1,2.9,2.4,5.2,5.2,25.9,,104,102
135,Andre Drummond\drumman01,C,26,CLE,8,8,225,12.5,22.7,.552,0.9,3.0,.286,11.7,19.7,.593,4.3,8.4,.513,5.2,14.1,19.2,3.0,2.6,2.4,6.3,5.4,30.3,,100,107
136,Jared Dudley\dudleja01,SF,34,LAL,40,1,311,3.1,7.7,.400,2.4,5.2,.471,0.6,2.4,.250,0.3,0.3,1.000,0.8,5.8,6.6,2.9,1.8,0.5,0.9,5.5,8.9,,118,107
137,Kris Dunn\dunnkr01,PG,25,CHI,51,32,1269,5.8,13.0,.444,1.1,4.3,.259,4.7,8.7,.535,1.5,2.0,.741,0.9,6.2,7.1,6.6,3.8,0.6,2.6,6.0,14.2,,104,106
138,Carsen Edwards\edwarca01,SG,21,BOS,35,0,316,5.7,17.3,.327,3.2,10.4,.309,2.4,6.9,.356,1.7,2.0,.846,0.9,5.7,6.6,3.4,1.5,0.5,2.3,5.1,16.2,,92,109
139,Henry Ellenson\ellenhe01,PF,23,BRK,5,0,15,3.2,22.1,.143,0.0,12.7,.000,3.2,9.5,.333,0.0,0.0,,6.3,12.7,19.0,3.2,0.0,0.0,0.0,3.2,6.3,,60,110
140,Wayne Ellington\ellinwa01,SG,32,NYK,36,1,558,5.3,15.2,.351,4.4,12.5,.350,1.0,2.7,.355,1.0,1.1,.846,0.3,5.3,5.7,3.8,1.1,0.3,1.6,3.6,16.0,,105,116
141,Joel Embiid\embiijo01,C,25,PHI,44,44,1329,12.1,25.6,.474,2.0,5.9,.348,10.1,19.7,.511,11.4,14.0,.814,4.5,14.5,19.0,5.0,1.4,2.1,4.9,5.5,37.7,,114,104
142,James Ennis\ennisja01,SF,29,TOT,61,10,1053,5.9,13.6,.435,2.2,6.4,.338,3.7,7.2,.523,2.9,3.6,.808,2.8,6.4,9.2,2.5,1.3,0.9,2.0,5.0,16.9,,111,110
142,James Ennis\ennisja01,SF,29,PHI,49,0,776,6.3,14.1,.442,2.3,6.6,.349,3.9,7.5,.525,3.0,3.8,.787,3.0,6.4,9.4,2.6,1.4,0.9,1.9,5.3,17.8,,113,109
142,James Ennis\ennisja01,SF,29,ORL,12,10,277,4.9,12.0,.412,1.8,5.8,.303,3.2,6.2,.514,2.6,3.0,.882,2.3,6.3,8.6,2.3,1.1,1.1,2.1,4.2,14.3,,105,111
143,Drew Eubanks\eubandr01,PF,22,SAS,14,3,130,7.8,10.3,.750,0.4,0.4,1.000,7.4,10.0,.741,3.0,4.1,.727,3.0,10.0,12.9,1.8,0.7,2.2,3.7,7.8,18.8,,121,112
144,Jacob Evans\evansja02,SG,22,TOT,29,1,418,5.2,15.3,.336,1.5,4.5,.333,3.7,10.9,.337,2.9,3.3,.862,1.0,3.7,4.7,3.5,1.3,1.4,2.9,4.7,14.6,,86,116
144,Jacob Evans\evansja02,SG,22,GSW,27,1,414,5.2,15.4,.338,1.5,4.4,.342,3.7,11.0,.337,2.9,3.4,.862,1.0,3.7,4.7,3.6,1.3,1.4,2.9,4.7,14.8,,86,116
144,Jacob Evans\evansja02,SG,22,MIN,2,0,4,0.0,11.6,.000,0.0,11.6,.000,0.0,0.0,,0.0,0.0,,0.0,0.0,0.0,0.0,0.0,0.0,0.0,0.0,0.0,,0,121
145,Dante Exum\exumda01,SG,24,TOT,35,1,485,5.6,11.9,.471,1.5,4.3,.349,4.1,7.6,.539,3.2,4.3,.744,1.2,5.5,6.7,4.0,1.3,0.8,3.1,3.8,16.0,,106,115
145,Dante Exum\exumda01,SG,24,UTA,11,0,83,5.9,13.5,.435,1.2,3.5,.333,4.7,10.0,.471,1.2,1.2,1.000,1.8,5.3,7.0,4.1,0.6,1.2,5.9,4.7,14.1,,83,112
145,Dante Exum\exumda01,SG,24,CLE,24,1,402,5.6,11.6,.479,1.6,4.5,.351,4.0,7.1,.559,3.6,5.0,.732,1.1,5.6,6.7,4.0,1.5,0.7,2.5,3.6,16.3,,112,116
146,Tacko Fall\fallta01,C,24,BOS,6,0,24,18.1,24.2,.750,0.0,0.0,,18.1,24.2,.750,2.0,6.0,.333,0.0,22.2,22.2,0.0,0.0,4.0,6.0,10.1,38.3,,98,98
147,Derrick Favors\favorde01,C,28,NOP,45,43,1089,8.0,12.9,.620,0.0,0.3,.143,8.0,12.6,.631,1.5,2.6,.581,6.2,12.6,18.9,3.2,1.1,1.9,2.2,4.2,17.6,,126,108
148,Cristiano Felício\feliccr01,PF,27,CHI,22,0,386,4.2,6.7,.630,0.0,0.2,.000,4.2,6.5,.654,2.2,2.9,.783,6.9,5.9,12.7,2.0,1.2,0.2,2.2,4.2,10.7,,130,112
149,Terrance Ferguson\fergute01,SF,21,OKC,50,37,1170,3.1,8.3,.372,1.9,6.4,.297,1.2,1.8,.636,0.6,0.8,.789,1.0,2.1,3.0,1.9,1.1,0.7,1.2,6.0,8.7,,100,114
150,Bruno Fernando\fernabr01,C,21,ATL,56,13,713,6.7,13.0,.518,0.3,2.4,.135,6.4,10.6,.605,1.9,3.3,.569,4.4,8.6,12.9,3.2,1.2,1.1,2.7,7.0,15.7,,107,114
151,Yogi Ferrell\ferreyo01,PG,26,SAC,44,0,484,6.8,17.0,.396,1.9,7.0,.275,4.8,10.1,.480,3.2,3.7,.865,0.6,4.2,4.8,5.9,1.4,0.4,2.5,3.1,18.6,,103,114
152,Dorian Finney-Smith\finnedo01,PF,26,DAL,64,61,1898,5.5,11.7,.468,2.5,6.8,.374,2.9,4.9,.599,1.8,2.5,.722,3.2,5.8,9.0,2.5,1.1,0.9,1.6,3.9,15.2,,122,112
153,Bryn Forbes\forbebr01,SG,26,SAS,63,62,1579,7.4,17.7,.417,4.5,11.6,.388,2.9,6.1,.470,2.3,2.7,.833,0.4,3.5,3.8,3.3,1.0,0.0,1.7,3.4,21.5,,109,118
154,Evan Fournier\fournev01,SG,27,ORL,61,61,1931,10.3,22.0,.470,4.2,10.3,.406,6.1,11.7,.525,4.2,5.2,.820,0.4,3.5,4.0,4.9,1.8,0.4,3.0,3.7,29.0,,112,112
155,De'Aaron Fox\foxde01,PG,22,SAC,45,43,1426,11.3,23.7,.475,1.6,5.2,.307,9.6,18.4,.523,7.4,10.5,.703,1.0,5.2,6.2,10.4,2.2,0.8,4.8,4.4,31.5,,110,111
156,Melvin Frazier\frazime01,SG,23,ORL,15,0,51,5.7,16.3,.353,3.8,6.7,.571,1.9,9.6,.200,1.9,3.8,.500,1.0,2.9,3.8,1.0,3.8,1.9,2.9,7.7,17.2,,86,105
157,Michael Frazier\frazimi01,SG,25,HOU,8,0,66,2.8,7.7,.364,1.4,5.6,.250,1.4,2.1,.667,2.8,4.2,.667,0.7,1.4,2.1,0.7,1.4,0.0,1.4,9.2,9.9,,99,115
158,Tim Frazier\fraziti01,PG,29,DET,27,11,355,4.7,13.0,.362,1.4,4.2,.333,3.3,8.9,.375,2.6,3.3,.792,1.2,3.3,4.6,12.9,1.9,0.6,5.0,5.8,13.4,,99,114
159,Markelle Fultz\fultzma01,PG,21,ORL,64,59,1813,8.6,18.2,.473,0.8,3.2,.254,7.8,15.0,.520,2.7,3.8,.723,0.9,4.8,5.7,9.0,2.2,0.3,3.5,3.4,20.8,,105,110
160,Wenyen Gabriel\gabriwe01,PF,22,TOT,28,1,210,4.6,10.5,.435,1.4,4.6,.300,3.2,5.9,.538,3.2,4.6,.700,4.1,6.4,10.5,1.8,2.3,1.4,3.7,8.0,13.7,,101,111
160,Wenyen Gabriel\gabriwe01,PF,22,SAC,11,0,61,4.8,13.6,.353,0.8,6.4,.125,4.0,7.2,.556,4.8,8.0,.600,3.2,4.8,8.0,2.4,2.4,1.6,4.0,5.6,15.2,,87,110
160,Wenyen Gabriel\gabriwe01,PF,22,POR,17,1,149,4.5,9.3,.483,1.6,3.8,.417,2.9,5.4,.529,2.6,3.2,.800,4.5,7.0,11.5,1.6,2.2,1.3,3.5,9.0,13.1,,109,112
161,Daniel Gafford\gaffoda01,C,21,CHI,43,7,609,7.4,10.6,.701,0.0,0.0,,7.4,10.6,.701,2.5,4.7,.533,4.1,4.3,8.4,1.7,1.0,4.4,2.3,7.8,17.4,,124,109
162,Danilo Gallinari\gallida01,PF,31,OKC,55,55,1690,9.5,21.6,.439,4.8,11.6,.409,4.7,10.0,.474,6.7,7.6,.886,0.9,7.8,8.7,3.3,1.2,0.1,2.0,1.9,30.4,,119,111
163,Langston Galloway\gallola01,SG,28,DET,66,6,1702,6.8,15.7,.435,3.8,9.6,.399,3.0,6.1,.493,2.1,2.5,.859,1.0,3.4,4.3,2.9,1.4,0.3,1.2,2.8,19.6,,118,116
164,Darius Garland\garlada01,PG,20,CLE,59,59,1824,7.5,18.6,.401,2.8,7.9,.355,4.7,10.7,.434,1.7,1.9,.875,0.7,2.2,3.0,6.1,1.1,0.1,4.0,2.5,19.4,,96,119
165,Marc Gasol\gasolma01,C,35,TOR,36,35,990,4.8,11.4,.419,2.5,6.1,.402,2.3,5.3,.440,1.3,1.7,.722,1.4,9.6,11.0,6.0,1.3,1.6,2.1,4.9,13.3,,112,104
166,Rudy Gay\gayru01,PF,33,SAS,60,5,1287,8.3,18.7,.442,2.2,6.9,.314,6.1,11.8,.517,3.7,4.2,.876,2.1,9.9,12.0,3.8,1.0,1.0,2.9,3.3,22.4,,105,113
167,Paul George\georgpa01,SF,29,LAC,42,42,1222,11.2,26.0,.432,5.1,12.8,.399,6.1,13.2,.463,6.4,7.2,.882,0.8,8.4,9.3,6.3,2.2,0.8,4.4,3.9,34.0,,111,105
168,Taj Gibson\gibsota01,C,34,NYK,62,56,1025,7.9,13.6,.584,0.2,0.7,.286,7.7,12.9,.599,1.9,2.7,.732,5.3,7.4,12.7,2.5,1.3,1.4,2.2,5.8,18.0,,121,113
169,Harry Giles\gilesha01,PF,21,SAC,38,17,579,9.8,17.4,.560,0.0,0.0,,9.8,17.4,.560,2.8,3.6,.767,2.8,10.6,13.4,4.1,1.8,1.2,2.9,8.4,22.3,,112,109
170,Shai Gilgeous-Alexander\gilgesh01,SG,21,OKC,63,63,2214,9.7,20.6,.473,1.7,4.9,.351,8.0,15.7,.511,5.6,7.0,.801,1.0,7.5,8.4,4.6,1.5,1.0,2.6,2.4,26.7,,111,109
171,Rudy Gobert\goberru01,C,27,UTA,62,62,2142,8.0,11.5,.698,0.0,0.0,,8.0,11.5,.698,5.2,8.4,.621,4.8,14.5,19.3,2.1,1.1,2.8,2.7,4.5,21.3,,130,103
172,Brandon Goodwin\goodwbr01,PG,24,ATL,34,1,430,8.2,20.6,.400,2.8,9.4,.299,5.4,11.2,.485,3.0,3.3,.933,1.2,6.6,7.8,5.5,1.3,0.4,3.1,4.7,22.3,,101,116
173,Aaron Gordon\gordoaa01,PF,24,ORL,58,58,1914,8.0,18.5,.433,1.7,5.8,.301,6.3,12.8,.492,3.5,5.2,.675,2.6,8.6,11.2,5.5,1.3,0.9,2.4,3.0,21.2,,107,110
174,Eric Gordon\gordoer01,SG,31,HOU,34,13,972,7.7,20.9,.370,4.4,13.8,.319,3.3,7.2,.467,3.7,4.9,.757,0.4,2.7,3.1,2.5,1.1,0.6,1.7,3.3,23.6,,103,115
175,Devonte' Graham\grahade01,PG,24,CHO,63,53,2211,8.3,21.8,.382,4.9,13.3,.373,3.4,8.6,.397,4.3,5.3,.820,1.0,3.9,4.8,10.7,1.4,0.3,4.1,2.6,25.9,,109,116
176,Treveon Graham\grahatr01,SG,26,TOT,55,20,929,4.4,12.1,.360,1.7,6.0,.275,2.7,6.1,.443,1.8,2.8,.643,2.6,5.0,7.5,2.3,1.2,0.3,1.5,5.1,12.2,,99,116
176,Treveon Graham\grahatr01,SG,26,MIN,33,20,663,4.3,12.3,.354,1.4,5.8,.241,2.9,6.4,.457,1.9,2.6,.730,2.0,5.0,7.0,2.1,1.2,0.1,1.3,4.6,12.0,,97,116
176,Treveon Graham\grahatr01,SG,26,ATL,22,0,266,4.4,11.7,.373,2.3,6.5,.351,2.1,5.3,.400,1.6,3.3,.474,3.9,4.9,8.8,2.6,1.2,0.7,1.8,6.3,12.6,,104,117
177,Jerami Grant\grantje01,PF,25,DEN,64,22,1676,7.7,16.4,.471,2.6,6.5,.400,5.2,10.0,.518,3.8,5.1,.744,1.6,5.1,6.7,2.3,1.3,1.5,1.6,4.2,21.9,,116,111
178,Josh Gray\grayjo01,PG,26,NOP,2,0,23,2.0,4.0,.500,0.0,0.0,,2.0,4.0,.500,0.0,0.0,,2.0,2.0,4.0,4.0,0.0,0.0,10.0,2.0,4.0,,47,119
179,Danny Green\greenda02,SG,32,LAL,61,61,1529,5.5,13.2,.419,3.5,9.3,.378,2.0,3.9,.516,1.0,1.4,.727,1.4,5.0,6.4,2.7,2.4,0.9,1.7,4.0,15.6,,111,106
180,Draymond Green\greendr01,PF,29,GSW,43,43,1222,4.8,12.4,.389,1.4,5.1,.279,3.4,7.3,.465,2.5,3.3,.759,0.9,9.5,10.4,10.4,2.3,1.3,3.8,4.3,13.5,,100,110
181,JaMychal Green\greenja01,PF,29,LAC,55,0,1130,5.2,12.6,.414,3.1,8.5,.363,2.1,4.1,.520,1.3,1.8,.727,3.1,11.4,14.5,1.8,1.0,0.8,1.9,6.1,14.9,,111,106
182,Javonte Green\greenja02,SF,26,BOS,44,1,414,5.7,11.4,.500,0.7,2.7,.261,5.0,8.8,.573,2.7,4.2,.639,2.1,7.2,9.3,2.7,2.7,0.8,2.1,4.3,14.8,,110,105
183,Jeff Green\greenje02,PF,33,TOT,40,2,754,7.4,16.7,.444,3.1,8.8,.348,4.3,7.9,.553,3.6,4.7,.781,1.5,5.7,7.2,2.0,1.3,1.0,2.3,4.1,21.5,,110,110
183,Jeff Green\greenje02,PF,33,UTA,30,2,553,6.6,17.2,.385,3.0,9.2,.327,3.6,8.0,.451,4.3,5.6,.778,1.2,5.9,7.1,1.8,1.1,0.9,2.4,4.1,20.5,,101,111
183,Jeff Green\greenje02,PF,33,HOU,10,0,201,9.5,15.3,.621,3.2,7.9,.412,6.2,7.4,.844,1.8,2.3,.800,2.1,5.3,7.4,2.8,2.1,1.2,2.1,4.4,24.0,,135,110
184,Blake Griffin\griffbl01,PF,30,DET,18,18,512,8.5,24.0,.352,2.6,10.7,.243,5.9,13.4,.439,7.3,9.4,.776,1.6,6.4,8.1,5.7,0.7,0.7,3.8,2.6,26.8,,97,115
185,Marko Guduric\gudurma01,SG,24,MEM,42,0,476,6.0,15.1,.396,2.5,7.9,.309,3.5,7.2,.493,2.3,2.5,.920,1.4,5.6,7.0,4.4,1.2,0.8,3.5,3.3,16.7,,97,113
186,Kyle Guy\guyky01,SG,22,SAC,2,0,4,12.2,24.4,.500,0.0,12.2,.000,12.2,12.2,1.000,0.0,0.0,,0.0,0.0,0.0,0.0,0.0,0.0,0.0,0.0,24.4,,98,120
187,Rui Hachimura\hachiru01,PF,21,WAS,41,41,1217,8.4,17.5,.478,0.8,2.8,.274,7.6,14.7,.517,3.5,4.3,.829,2.4,7.1,9.5,2.7,1.3,0.3,1.6,3.4,21.0,,112,117
188,Devon Hall\hallde01,SG,24,OKC,5,0,20,2.4,12.2,.200,0.0,4.9,.000,2.4,7.3,.333,7.3,9.7,.750,0.0,2.4,2.4,7.3,0.0,0.0,2.4,2.4,12.2,,86,117
189,Donta Hall\halldo01,PF,22,DET,4,0,48,1.0,4.1,.250,0.0,0.0,,1.0,4.1,.250,4.1,6.1,.667,6.1,9.2,15.4,2.0,1.0,1.0,2.0,9.2,6.1,,111,112
190,Dusty Hannahs\hannadu01,SG,26,MEM,2,0,13,14.4,32.3,.444,7.2,10.8,.667,7.2,21.6,.333,7.2,7.2,1.000,0.0,3.6,3.6,0.0,0.0,0.0,0.0,3.6,43.1,,120,118
191,Tim Hardaway Jr.\hardati02,SG,27,DAL,63,50,1815,9.2,21.1,.437,4.9,12.1,.407,4.3,9.0,.478,3.2,4.0,.801,0.6,4.7,5.3,3.3,1.0,0.1,1.6,2.8,26.6,,116,114
192,James Harden\hardeja01,SG,30,HOU,61,61,2241,12.5,28.7,.435,5.6,15.9,.352,6.9,12.8,.538,12.8,14.9,.861,1.3,6.7,8.0,9.3,2.2,1.1,5.7,4.3,43.5,,120,109
193,Maurice Harkless\harklma01,SF,26,TOT,62,48,1427,4.7,9.4,.502,1.1,3.3,.347,3.6,6.2,.584,1.3,2.2,.591,1.8,6.2,8.0,2.3,1.9,1.1,1.8,4.9,11.9,,110,108
193,Maurice Harkless\harklma01,SF,26,LAC,50,38,1141,4.6,9.0,.516,1.1,3.0,.370,3.5,6.0,.590,1.0,1.7,.571,1.9,6.3,8.3,2.0,2.0,1.2,1.9,5.0,11.4,,109,106
193,Maurice Harkless\harklma01,SF,26,NYK,12,10,286,5.1,11.2,.455,1.2,4.3,.280,3.9,7.0,.561,2.6,4.1,.625,1.4,5.4,6.8,3.4,1.5,0.5,1.2,4.8,14.0,,114,114
194,Jared Harper\harpeja01,PG,22,PHO,3,0,8,5.9,23.7,.250,0.0,11.8,.000,5.9,11.8,.500,0.0,0.0,,0.0,0.0,0.0,0.0,0.0,0.0,0.0,0.0,11.8,,54,120
195,Montrezl Harrell\harremo01,C,26,LAC,63,2,1749,12.7,21.9,.580,0.0,0.5,.000,12.7,21.4,.593,6.2,9.5,.658,4.4,7.6,12.0,2.9,1.1,1.9,2.9,3.9,31.6,,119,107
196,Gary Harris\harriga01,SG,25,DEN,56,55,1780,6.0,14.4,.420,1.9,5.8,.333,4.1,8.6,.479,2.1,2.6,.815,0.7,3.8,4.5,3.3,2.1,0.4,1.7,3.2,16.1,,105,111
197,Joe Harris\harrijo01,SF,28,BRK,63,63,1946,8.1,17.2,.471,3.7,9.0,.412,4.4,8.2,.536,1.5,2.0,.747,1.5,5.2,6.6,3.2,0.9,0.4,2.3,3.4,21.4,,112,112
198,Tobias Harris\harrito02,PF,27,PHI,65,65,2243,10.7,22.7,.472,2.5,7.0,.362,8.2,15.7,.521,3.3,4.1,.806,1.2,8.4,9.5,4.4,1.1,0.8,2.1,3.2,27.3,,112,109
199,Shaquille Harrison\harrish01,SF,26,CHI,43,10,484,7.7,16.4,.467,1.6,4.2,.381,6.1,12.2,.496,3.9,5.0,.780,2.2,6.4,8.6,4.9,3.4,1.9,1.9,5.5,20.8,,116,105
200,Josh Hart\hartjo01,SF,24,NOP,57,14,1563,5.9,14.2,.416,3.3,9.6,.342,2.6,4.6,.571,2.0,2.7,.747,1.6,9.3,10.9,2.8,1.7,0.6,1.9,4.3,17.1,,109,110
201,Isaiah Hartenstein\harteis01,C,21,HOU,23,2,266,7.7,11.7,.657,0.0,0.9,.000,7.7,10.8,.710,3.3,4.9,.679,5.1,10.7,15.7,3.1,1.6,2.1,2.8,7.2,18.7,,128,107
202,Udonis Haslem\hasleud01,PF,39,MIA,3,0,21,2.3,14.0,.167,0.0,4.7,.000,2.3,9.3,.250,7.0,9.3,.750,0.0,18.6,18.6,2.3,0.0,0.0,0.0,7.0,11.6,,79,108
203,Jaxson Hayes\hayesja02,C,19,NOP,56,12,951,7.5,11.4,.660,0.0,0.2,.250,7.5,11.2,.667,5.3,8.4,.630,4.0,6.9,10.8,2.5,1.1,2.6,2.0,6.9,20.4,,131,110
204,Gordon Hayward\haywago01,SF,29,BOS,45,45,1501,9.8,19.6,.502,2.4,6.1,.392,7.4,13.5,.553,3.0,3.6,.847,1.4,8.0,9.5,6.0,1.1,0.6,2.5,2.6,25.1,,118,108
205,John Henson\hensojo01,PF,29,TOT,40,8,600,7.7,13.9,.556,0.7,2.9,.222,7.1,11.0,.644,1.9,3.7,.500,3.7,9.4,13.2,4.4,2.0,3.4,2.9,6.3,18.0,,112,109
205,John Henson\hensojo01,PF,29,CLE,29,2,412,7.2,14.2,.508,0.7,3.7,.194,6.5,10.5,.618,2.0,3.9,.515,3.8,9.7,13.5,5.1,1.9,3.8,2.5,6.5,17.1,,112,109
205,John Henson\hensojo01,PF,29,DET,11,6,188,8.9,13.3,.667,0.5,1.3,.400,8.4,12.0,.696,1.6,3.4,.462,3.7,8.9,12.6,2.9,2.1,2.6,3.9,6.0,19.9,,112,108
206,Dewan Hernandez\hernade01,C,23,TOR,4,0,11,4.3,21.7,.200,0.0,4.3,.000,4.3,17.4,.250,8.7,8.7,1.000,8.7,21.7,30.4,0.0,4.3,0.0,4.3,26.0,17.4,,80,90
207,Juan Hernangómez\hernaju01,PF,24,TOT,48,14,833,5.7,14.2,.405,2.5,7.4,.341,3.2,6.8,.475,2.5,4.1,.620,2.5,8.9,11.3,2.3,1.1,0.5,1.8,3.7,16.6,,105,112
207,Juan Hernangómez\hernaju01,PF,24,DEN,34,0,422,4.4,12.9,.345,1.8,7.0,.250,2.7,5.9,.460,1.9,2.9,.640,2.8,8.3,11.1,2.6,0.6,0.6,2.1,3.4,12.5,,95,112
207,Juan Hernangómez\hernaju01,PF,24,MIN,14,14,411,7.0,15.5,.453,3.3,7.8,.420,3.7,7.7,.485,3.2,5.2,.609,2.1,9.4,11.5,2.0,1.6,0.5,1.6,4.0,20.4,,114,112
208,Willy Hernangómez\hernawi01,C,25,CHO,31,0,375,9.9,18.6,.532,0.7,2.9,.227,9.2,15.6,.590,4.9,7.9,.627,5.7,12.2,17.9,3.9,1.3,0.9,4.0,4.3,25.4,,110,110
209,Tyler Herro\herroty01,SG,20,MIA,47,6,1280,8.4,20.3,.414,3.8,9.7,.391,4.6,10.7,.434,2.5,3.0,.835,0.5,6.6,7.1,3.5,1.1,0.3,2.8,2.3,23.1,,100,112
210,Kevin Hervey\herveke01,PF,23,OKC,7,0,19,2.6,28.2,.091,0.0,20.5,.000,2.6,7.7,.333,0.0,0.0,,0.0,5.1,5.1,2.6,0.0,0.0,0.0,2.6,5.1,,26,115
211,Mario Hezonja\hezonma01,PF,24,POR,47,4,767,5.0,11.7,.429,1.3,4.0,.328,3.7,7.8,.480,2.6,3.2,.824,1.6,8.5,10.1,2.6,1.7,0.6,2.3,5.7,14.0,,104,113
212,Buddy Hield\hieldbu01,SG,27,SAC,64,44,2045,10.9,25.3,.429,5.8,14.7,.395,5.1,10.6,.477,2.7,3.1,.855,1.4,5.9,7.3,4.7,1.4,0.4,3.6,3.6,30.2,,107,113
213,George Hill\hillge01,PG,33,MIL,52,0,1103,7.4,13.9,.530,3.0,6.3,.480,4.4,7.6,.571,2.9,3.4,.831,1.9,4.5,6.4,6.3,1.7,0.2,2.0,3.1,20.6,,132,105
214,Solomon Hill\hillso01,SF,28,TOT,54,4,992,4.7,11.7,.403,2.8,7.4,.378,1.9,4.3,.446,1.4,2.0,.714,1.3,6.0,7.3,4.6,1.7,0.6,2.2,3.7,13.7,,107,111
214,Solomon Hill\hillso01,SF,28,MEM,48,3,901,5.0,12.1,.412,2.9,7.6,.381,2.1,4.5,.465,1.3,2.0,.684,1.2,6.2,7.5,4.9,1.6,0.4,2.1,3.8,14.2,,109,112
214,Solomon Hill\hillso01,SF,28,MIA,6,1,91,2.2,8.1,.267,1.6,4.8,.333,0.5,3.2,.167,2.2,2.2,1.000,1.6,3.8,5.4,2.2,2.7,2.7,3.8,2.7,8.1,,79,106
215,Jaylen Hoard\hoardja01,SF,20,POR,13,0,103,6.9,14.8,.469,0.0,1.4,.000,6.9,13.4,.517,3.7,6.0,.615,6.5,8.3,14.8,1.9,2.3,0.0,1.9,5.6,17.6,,113,112
216,Aaron Holiday\holidaa01,PG,23,IND,58,26,1368,7.2,17.7,.407,2.8,7.2,.394,4.3,10.4,.416,2.2,2.6,.861,0.7,4.0,4.7,6.9,1.6,0.5,2.7,3.6,19.4,,104,111
217,Jrue Holiday\holidjr01,SG,29,NOP,55,55,1922,10.1,22.4,.452,2.8,7.7,.357,7.4,14.6,.502,2.9,4.1,.700,1.7,4.8,6.4,9.1,2.2,1.1,3.8,3.0,25.9,,109,111
218,Justin Holiday\holidju01,SG,30,IND,65,2,1617,5.7,13.0,.440,3.7,8.7,.424,2.0,4.3,.472,1.4,1.8,.780,0.9,5.3,6.2,2.6,2.3,1.3,1.2,3.6,16.5,,116,108
219,Rondae Hollis-Jefferson\holliro01,SF,25,TOR,52,5,998,6.6,14.1,.471,0.1,0.8,.118,6.6,13.3,.493,4.5,6.2,.736,4.9,7.3,12.1,4.3,2.1,1.1,2.3,5.0,17.9,,115,104
220,Richaun Holmes\holmeri01,C,26,SAC,39,33,1125,9.1,13.9,.654,0.0,0.0,,9.1,13.9,.654,3.5,4.3,.800,5.1,9.0,14.1,1.7,1.7,2.4,2.1,6.6,21.7,,131,108
221,Rodney Hood\hoodro01,SF,27,POR,21,21,619,6.7,13.2,.506,2.7,5.5,.493,4.0,7.8,.515,1.6,2.1,.778,0.8,4.8,5.5,2.5,1.3,0.3,1.5,3.5,17.7,,121,117
222,Al Horford\horfoal01,C,33,PHI,60,57,1848,7.6,17.2,.442,2.3,6.9,.337,5.3,10.3,.513,1.4,1.9,.753,2.4,8.4,10.8,6.4,1.4,1.4,1.7,3.4,19.0,,114,108
223,Talen Horton-Tucker\hortota01,SG,19,LAL,2,0,5,0.0,9.5,.000,0.0,9.5,.000,0.0,0.0,,0.0,0.0,,0.0,0.0,0.0,19.0,9.5,0.0,0.0,0.0,0.0,,93,94
224,Danuel House\houseda01,SF,26,HOU,58,47,1739,5.5,12.9,.427,3.0,8.3,.363,2.5,4.6,.544,1.8,2.3,.800,1.5,5.1,6.6,2.1,1.7,0.9,1.3,3.2,15.8,,116,111
225,Dwight Howard\howardw01,C,34,LAL,62,2,1193,7.5,10.3,.732,0.1,0.2,.600,7.4,10.1,.734,3.5,7.2,.494,6.2,12.0,18.2,1.7,1.1,3.0,2.9,8.0,18.7,,126,102
226,William Howard\howarwi01,SG,26,HOU,2,0,13,0.0,14.3,.000,0.0,14.3,.000,0.0,0.0,,0.0,0.0,,0.0,7.1,7.1,3.6,0.0,0.0,3.6,3.6,0.0,,14,115
227,Kevin Huerter\huertke01,SG,21,ATL,56,48,1760,6.7,16.1,.413,3.4,8.8,.380,3.3,7.3,.453,1.4,1.7,.828,0.9,5.1,6.0,5.6,1.4,0.7,2.3,3.7,18.1,,107,116
228,De'Andre Hunter\huntede01,SF,22,ATL,63,62,2018,6.5,15.8,.410,2.5,7.0,.355,4.0,8.8,.454,2.5,3.3,.764,1.0,5.6,6.6,2.6,1.0,0.4,2.4,4.2,18.0,,100,117
229,Chandler Hutchison\hutchch01,SF,23,CHI,28,10,527,7.3,16.0,.457,1.1,3.5,.316,6.2,12.5,.496,4.2,7.1,.590,1.6,8.2,9.9,2.4,2.5,0.6,2.5,4.3,19.9,,101,108
230,Serge Ibaka\ibakase01,C,30,TOR,50,27,1377,11.2,21.6,.518,2.3,5.8,.398,8.9,15.8,.562,3.1,4.1,.748,3.6,10.7,14.3,2.5,0.8,1.5,3.5,4.8,27.8,,110,104
231,Andre Iguodala\iguodan01,SG,36,MIA,14,0,259,4.7,9.6,.490,1.7,4.5,.375,3.0,5.1,.593,0.4,1.5,.250,1.9,8.1,10.0,5.3,1.5,3.0,3.2,5.3,11.5,,103,106
232,Ersan İlyasova\ilyaser01,PF,32,MIL,56,8,895,7.0,14.8,.472,2.3,6.3,.371,4.6,8.5,.548,3.2,3.8,.827,3.1,11.0,14.1,2.4,1.2,0.7,1.7,4.4,19.5,,119,101
233,Joe Ingles\inglejo01,SF,32,UTA,64,37,1916,5.5,12.6,.441,3.1,7.9,.397,2.4,4.7,.516,1.7,2.1,.774,0.6,5.9,6.5,8.4,1.5,0.2,3.2,3.4,15.9,,114,111
234,Brandon Ingram\ingrabr01,PF,22,NOP,56,56,1919,11.3,24.2,.466,3.3,8.5,.387,8.0,15.7,.509,6.8,7.9,.858,1.2,7.2,8.4,5.8,1.3,0.9,4.2,3.9,32.7,,112,112
235,Kyrie Irving\irvinky01,PG,27,BRK,20,20,658,14.4,30.0,.478,4.0,10.2,.394,10.3,19.8,.522,6.8,7.4,.922,1.6,5.8,7.4,9.2,1.9,0.7,3.7,3.8,39.5,,119,109
236,Jonathan Isaac\isaacjo01,SF,22,ORL,32,32,949,7.7,16.6,.463,1.5,4.7,.330,6.1,11.9,.515,2.9,3.8,.767,2.9,8.5,11.4,2.3,2.6,4.0,2.4,4.1,19.8,,106,102
237,Wesley Iwundu\iwundwe01,SF,25,ORL,45,18,810,4.6,11.7,.397,1.3,4.0,.313,3.4,7.7,.441,3.7,4.6,.816,1.4,5.4,6.8,2.8,1.5,0.7,1.1,3.7,14.3,,111,111
238,Frank Jackson\jacksfr01,PG,21,NOP,51,1,656,7.0,18.1,.385,2.7,8.5,.325,4.2,9.6,.438,3.4,4.5,.750,1.3,3.7,5.0,2.9,1.1,0.3,3.0,4.7,20.1,,97,115
239,Jaren Jackson Jr.\jacksja02,C,20,MEM,54,54,1512,10.1,21.7,.468,4.2,10.5,.397,6.0,11.1,.535,3.8,5.1,.741,1.6,6.2,7.8,2.3,1.1,2.7,2.9,6.8,28.2,,109,110
240,Josh Jackson\jacksjo02,SG,22,MEM,18,0,357,8.9,20.3,.439,3.0,9.4,.319,5.9,10.9,.542,3.8,5.8,.659,1.4,6.1,7.6,4.1,2.4,1.2,3.3,5.1,24.6,,102,109
241,Justin Jackson\jacksju01,PF,24,DAL,58,2,929,6.5,16.2,.399,2.3,7.9,.298,4.1,8.3,.494,1.9,2.3,.818,1.4,6.0,7.4,2.6,0.6,0.5,0.6,3.0,17.1,,110,114
242,Reggie Jackson\jacksre01,PG,29,TOT,23,11,556,9.3,22.4,.416,3.9,9.9,.398,5.4,12.6,.431,3.1,3.8,.814,1.3,4.5,5.8,8.8,0.9,0.4,3.5,3.5,25.7,,109,114
242,Reggie Jackson\jacksre01,PG,29,DET,14,10,381,9.8,25.6,.384,4.0,10.6,.378,5.8,15.0,.388,3.4,4.3,.788,1.4,3.9,5.3,9.3,1.0,0.1,3.0,2.7,27.0,,106,117
242,Reggie Jackson\jacksre01,PG,29,LAC,9,1,175,8.4,15.9,.525,3.8,8.4,.452,4.6,7.5,.607,2.4,2.7,.900,1.1,5.9,7.0,7.8,0.5,1.1,4.6,5.1,22.9,,118,110
243,Justin James\jamesju01,SG,23,SAC,34,0,218,7.4,17.5,.423,2.0,5.8,.346,5.4,11.6,.462,2.2,4.7,.476,1.3,5.4,6.7,3.6,1.3,2.0,1.8,3.6,19.0,,100,111
244,LeBron James\jamesle01,PG,35,LAL,60,60,2094,13.3,26.7,.498,3.0,8.7,.349,10.3,18.1,.570,5.4,7.8,.697,1.3,9.4,10.7,14.5,1.7,0.7,5.4,2.4,35.1,,117,105
245,Amile Jefferson\jeffeam01,PF,26,ORL,18,0,74,3.3,9.2,.357,0.0,0.0,,3.3,9.2,.357,3.3,9.2,.357,6.6,8.6,15.2,2.6,0.7,2.0,2.0,4.6,9.9,,94,109
246,DaQuan Jeffries\jeffrda01,SG,22,SAC,6,0,19,7.7,18.0,.429,2.6,10.3,.250,5.1,7.7,.667,0.0,0.0,,2.6,0.0,2.6,2.6,2.6,0.0,0.0,7.7,18.0,,114,114
247,Ty Jerome\jeromty01,PG,22,PHO,28,0,315,5.6,15.9,.349,2.0,7.1,.277,3.6,8.9,.407,1.7,2.1,.786,0.9,5.3,6.2,6.5,2.1,0.5,2.7,4.2,14.7,,93,112
248,Alize Johnson\johnsal02,SF,23,IND,13,0,54,6.3,13.5,.467,0.0,0.0,,6.3,13.5,.467,3.6,5.4,.667,6.3,9.9,16.2,1.8,0.0,0.0,2.7,5.4,16.2,,107,111
249,B.J. Johnson\johnsbj01,SF,24,ORL,8,0,46,5.3,19.1,.278,1.1,6.4,.167,4.2,12.7,.333,2.1,2.1,1.000,1.1,5.3,6.4,2.1,2.1,0.0,3.2,0.0,13.8,,69,111
250,Cameron Johnson\johnsca02,PF,23,PHO,49,1,996,6.5,15.4,.418,4.3,10.9,.397,2.1,4.6,.469,1.7,2.2,.761,1.9,4.8,6.7,2.5,1.4,0.8,1.4,3.4,18.9,,114,113
251,James Johnson\johnsja01,PF,32,TOT,32,1,619,7.9,16.5,.479,2.5,7.0,.363,5.4,9.5,.565,2.4,3.7,.646,1.9,7.1,9.1,5.7,1.9,2.5,3.7,6.1,20.7,,107,108
251,James Johnson\johnsja01,PF,32,MIA,18,0,281,6.8,15.1,.448,2.8,7.8,.356,4.0,7.3,.548,1.4,2.4,.571,1.4,7.7,9.1,3.7,1.0,2.3,2.6,5.9,17.8,,103,108
251,James Johnson\johnsja01,PF,32,MIN,14,1,338,8.8,17.6,.500,2.3,6.3,.370,6.5,11.3,.573,3.2,4.7,.676,2.3,6.7,9.1,7.3,2.6,2.6,4.5,6.3,23.1,,109,108
252,Keldon Johnson\johnske04,SF,20,SAS,9,0,92,8.4,16.2,.516,1.0,2.6,.400,7.3,13.6,.538,3.7,5.2,.700,2.6,6.3,8.9,3.1,2.6,0.5,1.6,4.7,21.4,,117,112
253,Stanley Johnson\johnsst04,PF,23,TOR,20,0,96,4.0,15.4,.258,1.0,6.5,.154,3.0,8.9,.333,2.5,3.0,.833,1.5,9.4,10.9,4.0,2.0,1.0,4.0,5.0,11.4,,72,103
254,Tyler Johnson\johnsty01,SG,27,PHO,31,3,515,6.0,15.7,.380,2.2,7.6,.289,3.8,8.1,.466,2.2,2.9,.750,0.9,3.9,4.8,4.6,1.1,0.7,2.2,4.0,16.4,,98,114
255,Nikola Jokić\jokicni01,C,24,DEN,65,65,2101,12.0,22.8,.528,1.7,5.3,.314,10.4,17.5,.594,5.1,6.3,.813,3.6,11.9,15.6,10.5,1.8,1.0,4.7,4.7,30.9,,119,106
256,Damian Jones\jonesda03,C,24,ATL,55,27,887,6.4,9.4,.680,0.1,0.5,.222,6.3,8.9,.704,3.3,4.4,.738,3.9,6.9,10.8,1.8,1.4,2.1,1.5,7.8,16.1,,138,113
257,Derrick Jones Jr.\jonesde02,SF,22,MIA,51,15,1249,6.5,12.7,.514,1.3,4.9,.270,5.2,7.7,.670,3.4,4.4,.779,2.2,6.1,8.3,2.2,2.1,1.4,1.1,4.5,17.8,,124,108
258,Tyus Jones\jonesty01,PG,23,MEM,65,6,1232,7.5,16.3,.459,1.8,4.7,.379,5.7,11.6,.492,1.6,2.2,.741,0.3,3.6,3.9,10.8,2.2,0.2,2.1,1.7,18.3,,116,112
259,DeAndre Jordan\jordade01,C,31,BRK,56,6,1234,7.3,11.0,.666,0.0,0.0,,7.3,11.0,.666,3.2,4.7,.680,5.4,16.1,21.6,4.0,0.7,2.0,2.8,4.4,17.9,,128,104
260,Cory Joseph\josepco01,PG,28,SAC,64,22,1538,4.9,11.7,.420,1.5,4.2,.351,3.4,7.5,.460,1.5,1.8,.828,1.2,4.0,5.2,6.9,1.5,0.7,2.0,3.8,12.8,,111,114
261,Mfiondu Kabengele\kabenmf01,C,22,LAC,12,0,64,10.3,23.6,.438,6.6,14.7,.450,3.7,8.8,.417,3.7,3.7,1.000,0.7,7.4,8.1,1.5,1.5,1.5,1.5,6.6,30.9,,119,106
262,Frank Kaminsky\kaminfr01,C,26,PHO,32,13,718,8.4,18.4,.455,2.6,7.4,.348,5.8,11.0,.527,3.9,5.8,.670,2.0,8.4,10.4,4.7,0.9,0.7,2.2,4.6,23.2,,111,113
263,Enes Kanter\kanteen01,C,27,BOS,51,6,891,9.6,16.9,.566,0.1,0.4,.143,9.5,16.5,.576,3.4,4.8,.708,7.7,13.7,21.4,2.7,1.1,2.1,2.8,4.6,22.6,,121,103
264,Luke Kennard\kennalu01,SG,23,DET,28,25,922,8.1,18.2,.442,3.9,9.8,.399,4.2,8.5,.491,3.6,4.0,.893,0.5,4.7,5.2,6.1,0.6,0.3,2.3,3.5,23.6,,117,117
265,Stanton Kidd\kiddst01,SF,27,UTA,4,0,15,0.0,9.8,.000,0.0,3.3,.000,0.0,6.5,.000,0.0,0.0,,0.0,9.8,9.8,3.3,0.0,0.0,6.5,9.8,0.0,,13,112
266,Michael Kidd-Gilchrist\kiddgmi01,PF-SF,26,TOT,21,0,231,4.1,12.9,.317,1.1,4.3,.250,3.0,8.6,.350,1.9,2.4,.818,2.6,9.2,11.8,2.8,0.4,1.1,2.8,6.9,11.2,,84,113
266,Michael Kidd-Gilchrist\kiddgmi01,PF,26,CHO,12,0,160,5.6,16.6,.340,1.6,5.3,.294,4.1,11.3,.361,2.2,2.8,.778,2.8,8.1,11.0,3.1,0.0,0.9,2.2,5.6,15.0,,91,115
266,Michael Kidd-Gilchrist\kiddgmi01,SF,26,DAL,9,0,71,0.7,4.8,.143,0.0,2.0,.000,0.7,2.7,.250,1.4,1.4,1.000,2.0,11.6,13.6,2.0,1.4,1.4,4.1,9.5,2.7,,56,107
267,Louis King\kinglo02,SF,20,DET,10,0,62,6.3,16.7,.381,3.2,8.7,.364,3.2,7.9,.400,0.0,2.4,.000,0.8,7.1,7.9,4.0,1.6,0.0,1.6,7.9,15.9,,93,113
268,Maxi Kleber\klebima01,C,28,DAL,66,21,1695,6.1,13.3,.459,3.1,8.2,.374,3.1,5.1,.594,2.0,2.3,.863,2.8,7.3,10.1,2.2,0.6,2.2,1.4,4.4,17.3,,123,111
269,Brandon Knight\knighbr03,PG,28,TOT,25,3,462,6.2,17.7,.353,4.8,13.9,.344,1.5,3.8,.389,2.1,3.6,.588,0.4,3.9,4.3,7.3,1.1,0.3,4.0,4.2,19.4,,98,117
269,Brandon Knight\knighbr03,PG,28,CLE,16,0,241,5.7,17.4,.326,3.8,12.9,.297,1.8,4.4,.409,0.8,2.6,.308,0.6,3.4,4.0,6.3,1.0,0.4,3.2,4.0,15.9,,89,119
269,Brandon Knight\knighbr03,PG,28,DET,9,3,221,6.9,18.0,.383,5.8,14.9,.388,1.1,3.1,.357,3.6,4.7,.762,0.2,4.5,4.7,8.5,1.1,0.2,4.9,4.5,23.1,,106,116
270,Kevin Knox\knoxke01,SF,20,NYK,65,4,1166,6.0,16.7,.359,2.7,8.3,.327,3.3,8.4,.391,2.8,4.2,.653,1.2,6.5,7.7,2.5,1.0,1.2,1.9,4.4,17.5,,97,114
271,John Konchar\konchjo01,SG,23,MEM,15,0,167,6.4,9.8,.657,1.1,2.5,.444,5.3,7.3,.731,0.3,0.6,.500,5.0,7.8,12.9,5.9,2.0,0.8,1.7,2.0,14.3,,143,110
272,Furkan Korkmaz\korkmfu01,SG,22,PHI,64,12,1398,7.7,17.9,.432,4.4,11.0,.397,3.3,6.8,.487,1.8,2.5,.736,0.6,4.6,5.1,2.4,1.3,0.5,1.8,3.1,21.7,,109,111
273,Luke Kornet\kornelu01,C,24,CHI,36,14,559,7.1,16.1,.439,2.7,9.3,.287,4.4,6.8,.646,1.7,2.4,.714,1.9,5.3,7.2,2.8,0.9,2.2,1.2,4.7,18.5,,112,111
274,Kyle Korver\korveky01,SF,38,MIL,50,0,833,6.1,14.2,.429,4.7,11.4,.415,1.4,2.9,.481,1.5,1.9,.824,0.8,4.9,5.7,3.3,1.2,0.7,2.3,3.7,18.4,,112,105
275,Rodions Kurucs\kurucro01,PF,21,BRK,39,4,501,5.7,12.7,.448,2.4,6.2,.385,3.3,6.5,.507,1.6,2.7,.607,1.7,7.5,9.2,3.1,1.6,0.3,3.3,6.3,15.3,,99,109
276,Kyle Kuzma\kuzmaky01,PF,24,LAL,54,7,1327,9.1,21.1,.432,2.5,8.5,.297,6.6,12.6,.523,3.4,4.7,.738,1.7,7.0,8.7,2.5,0.8,0.8,3.0,3.8,24.2,,100,109
277,Skal Labissière\labissk01,C,23,POR,33,1,567,6.8,12.4,.551,0.3,1.1,.231,6.6,11.3,.582,2.1,2.8,.758,5.5,8.7,14.2,3.5,0.6,2.6,2.5,7.5,16.0,,121,113
278,Jeremy Lamb\lambje01,SG,27,IND,46,42,1291,8.2,18.1,.451,2.0,6.0,.335,6.2,12.1,.508,3.5,4.2,.836,0.9,6.6,7.5,3.6,2.1,0.8,1.9,3.9,21.8,,108,108
279,Romeo Langford\langfro01,SG,20,BOS,27,1,298,3.9,10.4,.375,0.8,3.7,.217,3.1,6.7,.463,2.6,3.7,.696,2.3,2.9,5.2,1.0,1.3,1.0,1.5,4.7,11.2,,98,110
280,Zach LaVine\lavinza01,SG,24,CHI,60,60,2085,12.5,27.7,.450,4.3,11.2,.380,8.2,16.5,.497,6.2,7.7,.802,0.9,5.7,6.7,5.9,2.0,0.6,4.8,3.0,35.3,,106,110
281,Vic Law\lawvi01,SF,24,ORL,5,0,9,0.0,16.3,.000,0.0,5.4,.000,0.0,10.8,.000,0.0,10.8,.000,0.0,5.4,5.4,0.0,0.0,0.0,0.0,0.0,0.0,,0,116
282,Jake Layman\laymaja01,PF,25,MIN,23,2,505,7.4,16.5,.453,2.2,6.6,.333,5.2,9.8,.533,2.2,2.9,.750,1.6,3.7,5.2,1.4,1.6,0.9,2.2,4.3,19.3,,102,114
283,T.J. Leaf\leaftj01,PF,22,IND,25,1,193,7.6,17.4,.435,1.3,3.5,.357,6.3,13.9,.455,1.8,3.0,.583,5.3,10.9,16.2,1.5,2.0,0.8,1.8,4.5,18.2,,103,105
284,Jalen Lecque\lecquja01,PG,19,PHO,4,0,26,7.3,18.2,.400,0.0,7.3,.000,7.3,10.9,.667,3.6,3.6,1.000,0.0,0.0,0.0,3.6,0.0,0.0,1.8,3.6,18.2,,94,120
285,Courtney Lee\leeco01,SG,34,DAL,24,9,345,5.6,11.5,.488,2.9,6.6,.447,2.7,4.9,.543,0.8,1.0,.857,1.0,3.5,4.5,1.7,2.5,0.8,1.5,4.6,15.0,,117,110
286,Damion Lee\leeda03,SG,27,GSW,49,36,1423,7.2,17.2,.417,2.9,8.0,.356,4.3,9.1,.471,3.7,4.2,.873,1.1,7.0,8.0,4.5,1.7,0.2,2.3,3.9,20.9,,108,114
287,Alex Len\lenal01,C,26,TOT,49,9,895,8.8,15.8,.556,0.7,2.9,.250,8.1,12.9,.626,3.0,4.8,.637,5.0,10.4,15.4,2.5,1.2,2.4,2.6,6.0,21.4,,116,111
287,Alex Len\lenal01,C,26,ATL,40,9,745,8.9,16.3,.546,0.9,3.5,.250,8.0,12.8,.627,3.2,5.1,.630,4.3,10.1,14.4,2.6,1.3,2.1,2.4,5.8,21.8,,115,112
287,Alex Len\lenal01,C,26,SAC,9,0,150,8.5,13.7,.619,0.0,0.0,,8.5,13.7,.619,2.3,3.3,.700,8.5,12.4,20.8,1.6,0.7,4.2,3.6,6.8,19.2,,120,106
288,Kawhi Leonard\leonaka01,SF,28,LAC,51,51,1643,13.7,29.2,.469,3.1,8.4,.366,10.6,20.8,.510,8.9,10.0,.889,1.5,9.2,10.7,7.3,2.6,0.9,4.0,2.8,39.3,,116,104
289,Meyers Leonard\leoname01,C,27,MIA,49,49,987,5.7,11.1,.520,2.5,5.9,.429,3.2,5.2,.625,0.8,1.3,.654,1.3,11.0,12.3,2.6,0.6,0.7,1.7,5.1,14.9,,117,110
290,Caris LeVert\leverca01,SG,25,BRK,39,25,1131,10.6,25.5,.414,3.0,7.9,.381,7.6,17.6,.429,4.9,6.8,.720,1.7,5.0,6.7,6.7,1.8,0.3,4.1,3.0,29.0,,101,110
291,Damian Lillard\lillada01,PG,29,POR,58,58,2140,11.8,25.9,.457,5.0,12.8,.394,6.8,13.1,.518,8.7,9.8,.888,0.7,4.9,5.6,10.1,1.3,0.5,3.7,2.2,37.3,,125,116
292,Nassir Little\littlna01,PF,19,POR,48,5,573,5.4,12.6,.430,1.2,4.9,.237,4.2,7.7,.554,2.3,3.7,.636,2.6,6.4,9.0,1.8,1.1,1.2,1.2,6.0,14.3,,108,115
293,Kevon Looney\looneke01,C,23,GSW,20,4,262,5.3,14.4,.367,0.2,2.6,.071,5.1,11.9,.431,1.6,2.2,.750,5.1,6.9,12.1,3.7,2.2,1.1,2.2,6.2,12.4,,94,112
294,Brook Lopez\lopezbr01,C,31,MIL,61,60,1622,6.9,16.1,.427,2.4,8.0,.296,4.5,8.1,.557,2.8,3.4,.810,1.2,6.5,7.7,2.7,1.2,4.2,1.8,4.1,18.9,,106,99
295,Robin Lopez\lopezro01,C,31,MIL,60,4,862,7.3,14.5,.502,1.7,5.1,.344,5.5,9.4,.588,1.2,2.3,.535,2.8,5.0,7.7,2.2,0.5,2.2,2.9,4.2,17.5,,104,104
296,Kevin Love\loveke01,PF,31,CLE,56,56,1780,8.9,19.9,.450,4.0,10.7,.374,4.9,9.2,.537,5.1,6.0,.854,1.5,13.5,15.0,4.9,0.9,0.5,3.8,2.5,27.0,,112,113
297,Kyle Lowry\lowryky01,PG,33,TOR,52,52,1901,7.8,18.6,.417,3.8,10.8,.354,3.9,7.8,.505,6.4,7.4,.861,0.8,5.5,6.3,10.0,1.8,0.6,3.9,4.2,25.8,,117,107
298,Timothé Luwawu-Cabarrot\luwawti01,SG,24,BRK,39,0,671,5.5,13.6,.406,2.8,7.7,.358,2.8,5.9,.470,3.7,4.4,.839,1.7,4.7,6.4,1.8,1.1,0.4,2.3,5.7,17.5,,108,111
299,Trey Lyles\lylestr01,PF,24,SAS,63,53,1271,5.8,13.0,.446,2.5,6.3,.387,3.3,6.6,.503,1.2,1.7,.733,2.7,11.0,13.6,2.6,1.1,1.1,1.5,3.7,15.3,,113,113
300,Daryl Macon\maconda01,SG,24,MIA,4,0,14,3.5,10.5,.333,3.5,7.0,.500,0.0,3.5,.000,0.0,0.0,,0.0,0.0,0.0,3.5,0.0,0.0,7.0,3.5,10.5,,65,118
301,J.P. Macura\macurjp01,SG,24,CLE,1,0,1,0.0,0.0,,0.0,0.0,,0.0,0.0,,0.0,0.0,,0.0,0.0,0.0,0.0,0.0,0.0,0.0,0.0,0.0,,,123
302,Josh Magette\magetjo01,PG,30,ORL,8,0,38,6.4,19.3,.333,1.3,5.1,.250,5.1,14.1,.364,1.3,2.6,.500,1.3,6.4,7.7,6.4,3.9,1.3,6.4,5.1,15.4,,71,104
303,Ian Mahinmi\mahinia01,C,33,WAS,38,35,808,6.0,12.1,.495,0.3,1.5,.192,5.7,10.6,.538,4.0,6.5,.619,4.5,8.1,12.6,2.8,1.8,2.5,2.6,6.6,16.3,,111,112
304,Thon Maker\makerth01,C,22,DET,60,14,776,5.9,12.2,.482,1.4,4.1,.344,4.5,8.2,.550,4.6,7.0,.664,3.4,7.2,10.6,2.7,1.6,2.5,2.9,6.5,17.8,,111,110
305,Terance Mann\mannte01,SG,23,LAC,35,6,271,3.8,9.4,.407,0.5,2.1,.250,3.3,7.3,.452,1.6,2.1,.750,0.7,5.0,5.7,6.6,1.4,0.9,2.4,6.3,9.7,,101,109
306,Boban Marjanović\marjabo01,C,31,DAL,37,2,337,13.8,24.9,.555,0.6,2.2,.267,13.2,22.7,.582,5.2,6.8,.766,7.6,14.4,22.0,1.9,1.0,1.0,3.7,6.8,33.3,,117,107
307,Lauri Markkanen\markkla01,PF,22,CHI,50,50,1492,8.1,19.1,.425,3.5,10.2,.344,4.6,8.8,.518,4.1,4.9,.824,1.9,8.2,10.1,2.4,1.4,0.7,2.6,3.1,23.8,,108,110
308,Caleb Martin\martica02,SF,24,CHO,18,1,317,5.8,13.3,.440,3.2,5.8,.541,2.7,7.4,.362,2.7,3.3,.810,1.6,4.4,6.0,3.6,1.9,1.1,2.4,5.1,17.5,,113,113
309,Cody Martin\martico01,SF,24,CHO,48,3,903,4.9,11.5,.430,1.0,4.3,.234,3.9,7.2,.546,2.3,3.6,.646,2.1,6.7,8.8,5.3,2.2,0.5,2.4,4.3,13.2,,104,112
310,Jeremiah Martin\martije02,PG,23,BRK,3,0,16,3.0,14.8,.200,0.0,3.0,.000,3.0,11.9,.250,0.0,0.0,,0.0,5.9,5.9,5.9,3.0,3.0,0.0,0.0,5.9,,66,104
311,Kelan Martin\martike03,SF,24,MIN,31,4,495,6.7,17.0,.392,2.3,9.0,.260,4.3,8.0,.541,2.8,2.9,.968,1.1,7.9,9.0,2.2,0.7,0.8,1.9,4.8,18.5,,100,114
312,Frank Mason III\masonfr01,PG,25,MIL,6,0,53,4.3,16.4,.263,1.7,8.6,.200,2.6,7.8,.333,1.7,3.4,.500,2.6,4.3,6.9,9.5,1.7,0.0,5.2,3.4,12.1,,80,105
313,Garrison Mathews\mathega01,SG,23,WAS,18,0,227,4.9,11.5,.429,3.9,9.5,.413,1.0,2.1,.500,6.4,7.0,.912,1.2,3.7,4.9,2.1,1.6,0.2,1.6,6.6,20.2,,133,118
314,Wesley Matthews\matthwe02,SG,33,MIL,62,62,1529,4.8,12.0,.397,3.0,8.3,.365,1.7,3.7,.468,1.4,1.9,.762,0.6,4.2,4.8,2.7,1.1,0.3,1.2,2.7,14.0,,109,106
315,Patrick McCaw\mccawpa01,SF,24,TOR,37,12,908,3.5,8.5,.414,1.2,3.7,.324,2.3,4.8,.484,0.7,0.9,.722,1.0,3.5,4.5,4.2,2.0,0.2,1.5,3.2,8.9,,105,108
316,CJ McCollum\mccolcj01,SG,28,POR,62,62,2229,11.7,25.9,.453,3.7,9.8,.380,8.0,16.1,.497,2.6,3.5,.750,0.9,4.6,5.4,5.7,1.0,0.8,2.5,3.4,29.8,,111,117
317,T.J. McConnell\mccontj01,PG,27,IND,63,3,1188,7.7,14.8,.517,0.2,0.6,.333,7.5,14.2,.524,1.2,1.5,.833,1.3,5.4,6.7,13.0,1.8,0.5,3.5,2.8,16.8,,113,110
318,Jalen McDaniels\mcdanja01,PF,22,CHO,16,0,293,5.6,12.0,.471,1.5,4.1,.375,4.1,7.9,.522,2.4,2.9,.824,2.6,8.5,11.1,2.2,1.4,0.5,1.9,6.2,15.2,,112,113
319,Doug McDermott\mcderdo01,PF,28,IND,62,0,1242,9.5,19.3,.491,4.6,10.4,.445,4.8,8.9,.544,1.7,2.0,.827,0.9,5.2,6.1,2.7,0.4,0.2,1.6,4.2,25.2,,118,113
320,JaVale McGee\mcgeeja01,C,32,LAL,61,61,1023,8.4,13.2,.640,0.1,0.3,.500,8.3,12.9,.643,2.3,3.5,.653,5.2,11.3,16.5,1.6,1.4,4.3,2.2,6.7,19.3,,126,100
321,Rodney McGruder\mcgruro01,SG,28,LAC,50,3,749,3.8,9.8,.391,1.4,5.0,.278,2.5,4.8,.506,0.9,1.8,.536,1.6,6.4,8.1,1.9,1.4,0.5,1.3,4.2,10.0,,99,108
322,Alfonzo McKinnie\mckinal01,SF,27,CLE,40,1,593,6.0,14.0,.427,1.1,5.3,.215,4.8,8.7,.557,1.8,2.5,.710,3.0,6.2,9.3,1.1,1.9,0.7,2.1,5.9,14.9,,99,115
323,Jordan McLaughlin\mclaujo01,PG,23,MIN,30,2,590,6.8,14.0,.489,2.3,6.0,.382,4.6,8.0,.569,2.0,3.1,.667,0.6,3.3,3.9,9.8,2.7,0.3,2.4,2.4,18.0,,121,113
324,Ben McLemore\mclembe01,SG,26,HOU,63,19,1437,6.8,15.2,.445,5.0,12.6,.395,1.8,2.6,.688,1.5,2.0,.758,0.6,3.8,4.5,1.7,1.2,0.4,1.5,4.2,20.0,,118,114
325,Jordan McRae\mcraejo01,SG,28,TOT,37,4,784,8.9,22.0,.407,2.7,7.6,.357,6.2,14.4,.433,5.0,6.5,.761,1.1,6.4,7.4,5.6,1.3,1.0,2.6,4.4,25.6,,105,116
325,Jordan McRae\mcraejo01,SG,28,WAS,29,4,654,9.5,22.6,.420,2.9,7.6,.377,6.6,15.1,.441,4.6,5.9,.771,1.2,6.2,7.4,5.9,1.4,1.1,2.7,4.4,26.4,,106,116
325,Jordan McRae\mcraejo01,SG,28,DEN,4,0,32,3.1,9.3,.333,3.1,6.2,.500,0.0,3.1,.000,4.6,6.2,.750,1.5,6.2,7.7,6.2,3.1,1.5,0.0,3.1,13.9,,144,106
325,Jordan McRae\mcraejo01,SG,28,DET,4,0,98,7.0,21.6,.326,1.5,8.0,.188,5.5,13.6,.407,8.0,11.0,.727,0.0,7.5,7.5,3.5,0.0,0.0,2.5,5.0,23.6,,92,117
326,Nicolò Melli\mellini01,C,29,NOP,52,6,889,6.4,14.4,.442,3.4,9.4,.361,3.0,5.1,.592,2.3,3.1,.733,1.9,6.2,8.2,3.5,1.6,1.0,2.2,5.5,18.5,,114,112
327,De'Anthony Melton\meltode01,PG,21,MEM,52,8,1011,6.8,16.3,.419,1.7,5.4,.316,5.1,10.9,.470,4.0,4.9,.821,1.7,7.2,8.9,7.3,3.0,0.8,3.6,4.2,19.4,,105,108
328,Chimezie Metu\metuch01,PF,22,SAS,16,0,73,13.2,23.0,.571,0.0,0.7,.000,13.2,22.4,.588,3.9,5.3,.750,6.6,10.5,17.1,3.9,0.7,2.6,3.3,2.6,30.3,,117,112
329,Khris Middleton\middlkh01,SF,28,MIL,55,52,1653,11.7,23.5,.499,3.7,8.8,.418,8.0,14.7,.547,4.9,5.4,.908,1.1,8.3,9.4,6.2,1.4,0.2,3.1,3.4,32.0,,119,103
330,Eric Mika\mikaer01,PF,25,SAC,1,0,19,5.1,7.7,.667,0.0,0.0,,5.1,7.7,.667,5.1,5.1,1.000,5.1,12.8,18.0,0.0,0.0,0.0,0.0,12.8,15.4,,173,113
331,C.J. Miles\milescj01,SG,32,WAS,10,0,161,5.5,17.1,.322,3.2,10.1,.314,2.3,7.0,.333,4.3,5.8,.750,1.2,2.3,3.5,3.5,2.9,1.2,1.2,4.1,18.6,,103,115
332,Malcolm Miller\millema01,SF,26,TOR,25,1,125,3.1,9.2,.333,2.3,7.3,.316,0.8,1.9,.400,0.4,2.3,.167,0.4,5.0,5.3,3.1,1.5,0.8,1.1,4.6,8.8,,91,108
333,Patty Mills\millspa02,PG,31,SAS,63,1,1430,8.3,19.3,.429,5.0,13.1,.380,3.3,6.3,.529,3.1,3.6,.861,0.6,2.7,3.3,3.8,1.7,0.2,1.7,3.3,24.7,,115,117
334,Paul Millsap\millspa01,PF,34,DEN,44,41,1075,8.6,17.8,.486,2.2,5.0,.440,6.4,12.8,.504,4.8,5.8,.833,4.0,7.9,11.9,3.2,1.7,1.3,2.8,5.8,24.3,,117,108
335,Shake Milton\miltosh01,SG,23,PHI,32,16,611,8.6,17.3,.498,3.8,8.4,.453,4.8,8.8,.541,3.1,4.1,.765,0.9,4.5,5.4,5.6,1.5,0.5,3.0,5.5,24.1,,117,110
336,Donovan Mitchell\mitchdo01,SG,23,UTA,63,63,2165,12.6,27.8,.453,3.5,9.6,.364,9.1,18.2,.501,5.6,6.5,.859,1.0,5.2,6.2,5.9,1.5,0.3,3.8,3.5,34.3,,110,111
337,Naz Mitrou-Long\mitrona01,SG,26,IND,3,0,43,6.8,18.1,.375,2.3,12.5,.182,4.5,5.7,.800,0.0,0.0,,0.0,6.8,6.8,7.9,1.1,1.1,2.3,1.1,15.9,,94,109
338,Adam Mokoka\mokokad01,SG,21,CHI,11,0,112,5.2,12.0,.429,2.6,6.5,.400,2.6,5.6,.462,0.9,1.7,.500,3.0,1.3,4.3,1.7,1.7,0.0,0.9,7.3,13.8,,115,114
339,Malik Monk\monkma01,SG,21,CHO,55,1,1169,9.1,20.9,.434,2.5,8.7,.284,6.6,12.2,.542,3.5,4.3,.820,1.2,5.6,6.7,4.9,1.1,0.7,3.3,3.2,24.2,,102,115
340,Matt Mooney\moonema01,SG,22,CLE,4,0,19,2.6,10.2,.250,0.0,5.1,.000,2.6,5.1,.500,0.0,0.0,,0.0,7.7,7.7,2.6,5.1,2.6,0.0,2.6,5.1,,69,104
341,E'Twaun Moore\mooreet01,SG,30,NOP,51,5,958,8.4,19.8,.424,2.9,7.7,.375,5.5,12.1,.456,1.4,2.1,.674,1.4,4.5,5.9,3.5,1.4,0.5,1.8,3.7,21.1,,104,114
342,Ja Morant\moranja01,PG,20,MEM,59,59,1771,10.4,21.1,.491,1.3,3.7,.367,9.0,17.4,.517,5.4,7.0,.770,1.2,4.3,5.5,10.8,1.4,0.4,5.0,2.4,27.4,,110,113
343,Juwan Morgan\morgaju01,PF,22,UTA,16,0,74,5.9,11.2,.529,0.7,3.3,.200,5.3,7.9,.667,0.0,0.0,,3.3,9.2,12.5,1.3,0.0,0.7,2.0,4.6,12.5,,108,111
344,Marcus Morris\morrima03,SF-PF,30,TOT,55,55,1727,9.1,21.0,.433,3.7,9.1,.410,5.4,11.9,.451,4.8,5.9,.823,1.5,6.3,7.9,2.2,1.2,0.8,2.5,4.5,26.8,,111,113
344,Marcus Morris\morrima03,SF,30,NYK,43,43,1387,9.9,22.3,.442,4.1,9.3,.439,5.8,13.1,.444,5.7,7.0,.823,1.7,6.5,8.2,2.1,1.2,0.6,2.6,4.5,29.5,,113,115
344,Marcus Morris\morrima03,PF,30,LAC,12,12,340,6.1,15.8,.386,2.4,8.3,.283,3.7,7.5,.500,1.2,1.5,.818,1.0,5.7,6.7,2.5,1.1,1.4,2.1,4.6,15.8,,95,109
345,Markieff Morris\morrima02,PF,30,TOT,52,16,1106,8.4,18.8,.445,3.6,9.3,.386,4.8,9.5,.502,2.9,3.7,.783,1.5,7.3,8.8,3.3,1.2,0.7,3.3,5.3,23.2,,104,113
345,Markieff Morris\morrima02,PF,30,DET,44,16,988,8.7,19.4,.450,3.7,9.4,.397,5.0,10.0,.500,3.0,3.9,.772,1.2,7.4,8.6,3.4,1.3,0.5,3.5,5.2,24.2,,104,113
345,Markieff Morris\morrima02,PF,30,LAL,8,0,118,5.6,14.5,.389,2.4,8.5,.286,3.2,6.0,.533,1.6,1.6,1.000,4.0,6.5,10.5,2.0,0.8,1.6,2.0,6.5,15.3,,106,108
346,Monte Morris\morrimo01,PG,24,DEN,65,8,1402,7.8,17.0,.459,1.9,5.1,.375,5.9,12.0,.494,1.8,2.2,.823,0.7,3.2,3.9,8.1,1.9,0.6,1.6,2.3,19.3,,117,112
347,Johnathan Motley\motlejo01,PF,24,LAC,13,0,41,12.6,17.2,.733,1.1,1.1,1.000,11.5,16.1,.714,5.7,8.0,.714,3.4,8.0,11.5,9.2,3.4,0.0,5.7,6.9,32.2,,131,103
348,Emmanuel Mudiay\mudiaem01,PG,23,UTA,48,1,752,8.8,18.7,.471,1.8,4.9,.355,7.1,13.8,.512,3.4,4.5,.754,1.1,6.4,7.5,6.9,1.2,0.6,4.2,4.1,22.8,,105,110
349,Mychal Mulder\muldemy01,SG,25,GSW,7,3,204,6.1,15.7,.388,3.8,12.2,.308,2.3,3.5,.667,2.1,2.8,.750,0.7,4.7,5.4,1.9,0.5,0.2,1.2,4.7,18.1,,104,118
350,Dejounte Murray\murrade01,PG,23,SAS,58,50,1447,8.5,17.8,.475,1.1,3.0,.378,7.3,14.8,.494,2.5,3.1,.798,2.2,8.9,11.1,7.9,3.3,0.5,3.6,4.2,20.5,,107,109
351,Jamal Murray\murraja01,PG,22,DEN,55,55,1804,10.5,23.2,.455,2.9,8.3,.345,7.7,14.8,.517,4.3,4.8,.893,1.1,4.8,5.9,7.3,1.8,0.4,3.4,2.7,28.3,,111,111
352,Džanan Musa\musadz01,SF,20,BRK,35,0,404,5.9,16.3,.360,1.8,7.6,.231,4.1,8.7,.473,3.9,5.2,.750,2.2,6.1,8.3,3.6,1.5,0.1,3.4,2.9,17.4,,93,110
353,Mike Muscala\muscami01,C,28,OKC,41,0,492,6.3,15.7,.403,4.3,11.9,.358,2.1,3.9,.538,1.8,2.2,.818,1.3,8.0,9.3,3.4,0.8,1.1,1.4,5.0,18.7,,113,110
354,Sviatoslav Mykhailiuk\mykhasv01,SF,22,DET,56,27,1265,6.5,15.7,.410,4.5,11.1,.404,2.0,4.7,.425,2.2,2.7,.814,0.7,3.4,4.0,4.1,1.6,0.2,2.4,3.4,19.6,,110,116
355,Abdel Nader\naderab01,SF,26,OKC,48,5,756,6.4,14.2,.455,2.5,6.8,.371,3.9,7.4,.530,3.1,4.0,.774,0.9,4.9,5.8,2.3,1.3,1.3,2.3,4.2,18.5,,107,111
356,Larry Nance Jr.\nancela02,C,27,CLE,56,10,1472,7.6,14.2,.531,1.9,5.3,.352,5.7,9.0,.636,1.7,2.4,.676,3.5,10.0,13.5,4.1,1.9,0.7,2.0,3.0,18.6,,122,113
357,Shabazz Napier\napiesh01,PG,28,TOT,51,30,1234,6.4,15.6,.412,2.7,8.4,.320,3.7,7.2,.518,4.4,5.3,.823,0.9,4.6,5.5,9.5,2.5,0.3,4.2,3.5,19.9,,109,114
357,Shabazz Napier\napiesh01,PG,28,MIN,36,22,856,6.2,15.3,.403,2.5,8.6,.296,3.6,6.7,.540,3.9,4.8,.818,0.9,5.0,6.0,10.1,2.2,0.4,4.1,3.4,18.8,,108,113
357,Shabazz Napier\napiesh01,PG,28,WAS,15,8,378,6.9,16.1,.431,3.0,7.8,.381,4.0,8.3,.478,5.4,6.5,.830,1.0,3.5,4.4,8.1,3.2,0.2,4.3,3.8,22.2,,111,115
358,Raul Neto\netora01,PG,27,PHI,49,3,565,6.8,15.0,.451,2.4,6.1,.394,4.4,8.9,.490,2.2,2.7,.839,0.9,3.5,4.5,6.6,1.9,0.4,3.6,3.7,18.2,,106,110
359,Malik Newman\newmama01,SG,22,CLE,1,0,4,0.0,24.3,.000,0.0,12.2,.000,0.0,12.2,.000,24.3,24.3,1.000,0.0,0.0,0.0,0.0,0.0,0.0,12.2,0.0,24.3,,58,123
360,Georges Niang\niangge01,PF,26,UTA,58,0,772,7.6,16.7,.453,4.9,11.7,.416,2.7,5.1,.538,1.2,1.4,.864,0.8,6.1,6.9,2.2,0.8,0.3,1.6,4.0,21.2,,116,112
361,Nerlens Noel\noelne01,C,25,OKC,55,6,1014,8.4,12.2,.685,0.0,0.1,.333,8.3,12.1,.689,3.6,4.7,.765,3.9,9.1,13.0,2.5,2.7,3.9,2.6,6.9,20.4,,130,102
362,Zach Norvell\norveza01,SG,22,TOT,5,0,41,3.5,14.0,.250,3.5,9.3,.375,0.0,4.7,.000,1.2,1.2,1.000,0.0,7.0,7.0,3.5,2.3,0.0,3.5,4.7,11.7,,74,112
362,Zach Norvell\norveza01,SG,22,LAL,2,0,5,0.0,9.5,.000,0.0,0.0,,0.0,9.5,.000,0.0,0.0,,0.0,9.5,9.5,0.0,0.0,0.0,0.0,0.0,0.0,,0,110
362,Zach Norvell\norveza01,SG,22,GSW,3,0,36,4.0,14.6,.273,4.0,10.6,.375,0.0,4.0,.000,1.3,1.3,1.000,0.0,6.6,6.6,4.0,2.7,0.0,4.0,5.3,13.3,,78,113
363,Jaylen Nowell\nowelja01,SG,20,MIN,15,0,151,5.8,16.3,.358,0.9,8.0,.115,4.9,8.3,.593,4.9,5.2,.941,0.9,3.1,4.0,5.8,0.9,0.3,0.9,3.4,17.5,,109,117
364,Frank Ntilikina\ntilila01,PG,21,NYK,57,26,1187,5.4,13.7,.393,1.8,5.6,.321,3.6,8.0,.444,2.1,2.4,.864,0.9,4.0,5.0,7.1,2.2,0.7,2.9,5.8,14.6,,103,113
365,Kendrick Nunn\nunnke01,SG,24,MIA,62,62,1846,10.1,22.5,.448,3.5,9.6,.362,6.6,12.9,.512,2.0,2.4,.837,0.5,3.9,4.5,5.6,1.4,0.3,2.7,3.8,25.7,,106,113
366,David Nwaba\nwabada01,SF,27,BRK,20,0,268,6.6,12.6,.521,2.1,5.0,.429,4.4,7.6,.581,3.2,4.8,.667,1.4,6.6,8.0,1.4,1.9,2.1,1.4,5.7,18.4,,120,106
367,Royce O'Neale\onealro01,PF,26,UTA,64,55,1862,3.7,8.4,.439,2.1,5.5,.389,1.5,2.9,.536,0.9,1.3,.735,0.6,8.3,8.9,4.3,1.2,0.7,1.3,4.7,10.5,,119,109
368,Kyle O'Quinn\oquinky01,C,29,PHI,26,1,258,6.6,13.6,.486,1.3,4.3,.304,5.3,9.2,.571,1.9,3.6,.526,6.0,12.4,18.5,6.6,0.9,4.1,3.4,6.6,16.4,,113,103
369,Semi Ojeleye\ojelese01,PF,25,BOS,61,5,891,3.5,8.6,.409,2.0,5.3,.367,1.6,3.3,.475,1.4,1.5,.893,1.3,5.4,6.7,1.7,1.0,0.3,0.7,3.4,10.4,,119,111
370,Jahlil Okafor\okafoja01,C,24,NOP,28,9,424,9.6,15.7,.611,0.1,0.2,.500,9.5,15.5,.613,4.0,6.3,.638,5.0,8.0,13.0,3.9,0.8,2.1,3.9,6.9,23.3,,116,111
371,Elie Okobo\okoboel01,PG,22,PHO,54,3,707,4.8,12.1,.398,1.7,4.8,.352,3.1,7.4,.427,3.1,4.5,.687,1.1,4.8,5.9,7.6,1.6,0.3,2.5,3.5,14.4,,107,113
372,Josh Okogie\okogijo01,SG,21,MIN,62,28,1547,5.1,11.9,.427,1.2,4.6,.266,3.9,7.3,.529,4.6,5.7,.796,2.6,5.4,8.0,3.0,2.0,0.8,2.6,4.2,16.0,,108,113
373,KZ Okpala\okpalkz01,SF,20,MIA,5,0,26,5.6,9.4,.600,0.0,1.9,.000,5.6,7.5,.750,1.9,3.8,.500,1.9,7.5,9.4,1.9,3.8,1.9,1.9,3.8,13.2,,110,103
374,Victor Oladipo\oladivi01,SG,27,IND,13,10,337,9.1,23.3,.391,3.0,10.0,.304,6.1,13.3,.457,4.6,5.9,.780,1.0,4.9,5.9,5.6,1.6,0.4,4.0,3.0,25.9,,96,110
375,Kelly Olynyk\olynyke01,C,28,MIA,59,6,1089,6.8,14.2,.476,3.6,8.3,.432,3.2,5.9,.538,3.1,3.7,.854,1.7,10.0,11.6,4.4,1.7,0.8,2.8,6.5,20.3,,117,108
376,Miye Oni\onimi01,SG,22,UTA,5,0,11,0.0,8.9,.000,0.0,4.4,.000,0.0,4.4,.000,0.0,0.0,,0.0,8.9,8.9,0.0,0.0,0.0,4.4,0.0,0.0,,0,113
377,Cedi Osman\osmande01,SF,24,CLE,65,65,1910,6.8,15.5,.437,3.1,8.2,.383,3.6,7.3,.497,1.6,2.4,.670,1.0,4.9,5.9,3.9,1.4,0.4,2.3,4.1,18.3,,107,117
378,Kelly Oubre Jr.\oubreke01,SF,24,PHO,56,55,1933,9.1,20.2,.452,2.6,7.5,.352,6.5,12.7,.511,4.7,6.0,.780,1.6,7.2,8.8,2.1,1.7,1.0,2.0,4.7,25.6,,109,111
379,Tariq Owens\owensta01,PF,24,PHO,3,0,15,3.2,15.8,.200,0.0,6.3,.000,3.2,9.5,.333,6.3,6.3,1.000,6.3,3.2,9.5,0.0,3.2,0.0,0.0,3.2,12.6,,95,111
380,Jeremy Pargo\pargoje01,PG,33,GSW,3,0,44,12.0,23.9,.500,3.3,7.6,.429,8.7,16.3,.533,0.0,1.1,.000,1.1,2.2,3.3,8.7,1.1,0.0,4.4,8.7,27.2,,103,119
381,Jabari Parker\parkeja01,PF,24,TOT,33,23,852,10.9,21.8,.499,1.7,6.3,.267,9.2,15.5,.594,3.0,4.1,.743,3.0,7.7,10.7,3.3,2.3,0.8,3.3,5.1,26.5,,106,113
381,Jabari Parker\parkeja01,PF,24,ATL,32,23,837,11.0,21.9,.504,1.7,6.4,.270,9.3,15.5,.601,3.0,4.0,.736,3.0,7.6,10.6,3.2,2.3,0.8,3.3,5.2,26.7,,106,113
381,Jabari Parker\parkeja01,PF,24,SAC,1,0,15,3.3,19.5,.167,0.0,3.3,.000,3.3,16.3,.200,6.5,6.5,1.000,0.0,13.0,13.0,6.5,0.0,0.0,0.0,3.3,13.0,,81,113
382,Chandler Parsons\parsoch01,SF,31,ATL,5,0,54,4.3,15.5,.278,3.5,12.1,.286,0.9,3.5,.250,0.0,0.0,,0.9,5.2,6.0,2.6,3.5,0.9,2.6,2.6,12.1,,77,112
383,Eric Paschall\pascher01,PF,23,GSW,60,26,1654,9.2,18.5,.497,1.1,3.7,.287,8.1,14.8,.550,4.7,6.1,.774,2.4,5.6,8.0,3.7,0.9,0.4,2.7,3.6,24.2,,110,117
384,Anžejs Pasečņiks\pasecan01,C,24,WAS,24,0,405,6.5,12.2,.528,0.0,0.2,.000,6.5,12.0,.538,3.7,6.2,.593,4.5,6.9,11.4,2.0,0.9,1.4,2.5,7.5,16.6,,110,116
385,Patrick Patterson\pattepa01,PF,30,LAC,51,18,607,5.9,14.6,.404,4.3,11.0,.387,1.6,3.6,.457,2.1,2.6,.794,2.3,7.1,9.4,2.4,0.5,0.2,1.4,3.2,18.2,,118,111
386,Justin Patton\pattoju01,C,22,OKC,5,0,24,8.1,20.3,.400,2.0,8.1,.250,6.1,12.2,.500,0.0,0.0,,2.0,8.1,10.1,4.1,0.0,0.0,4.1,8.1,18.3,,86,113
387,Chris Paul\paulch01,PG,34,OKC,63,63,2003,9.6,19.6,.489,2.5,6.8,.362,7.1,12.8,.557,5.5,6.1,.900,0.5,7.0,7.5,10.4,2.4,0.2,3.3,3.4,27.1,,121,108
388,Elfrid Payton\paytoel01,PG,25,NYK,45,36,1246,7.5,17.2,.439,0.5,2.7,.203,7.0,14.5,.482,1.9,3.4,.570,2.0,6.3,8.3,12.6,2.7,0.7,3.8,3.5,17.5,,105,111
389,Gary Payton II\paytoga02,PG,27,WAS,29,17,432,5.2,12.5,.414,1.4,5.0,.283,3.8,7.6,.500,0.4,0.9,.500,2.8,5.8,8.6,5.2,3.6,0.8,2.2,5.8,12.2,,103,112
390,Norvel Pelle\pelleno01,C,26,PHI,20,0,178,4.9,9.6,.514,0.0,0.0,,4.9,9.6,.514,1.6,3.3,.500,4.4,12.0,16.4,1.9,0.3,6.8,3.5,10.6,11.5,,96,101
391,Theo Pinson\pinsoth01,SG,24,BRK,33,0,365,5.8,20.1,.290,1.9,10.4,.188,3.9,9.7,.400,1.9,2.1,.938,1.3,5.7,7.0,7.3,2.2,0.5,4.3,4.5,15.6,,81,108
392,Mason Plumlee\plumlma01,C,29,DEN,53,1,900,8.4,13.6,.617,0.0,0.2,.000,8.4,13.4,.627,4.1,7.6,.536,4.9,10.6,15.5,6.9,1.6,1.8,4.0,6.9,20.9,,117,106
393,Jakob Poeltl\poeltja01,C,24,SAS,58,10,965,6.7,10.8,.619,0.0,0.0,,6.7,10.8,.619,1.8,3.7,.486,5.2,10.3,15.4,5.1,1.5,4.2,2.2,4.8,15.2,,125,108
394,Vincent Poirier\poirivi01,C,26,BOS,21,0,114,6.8,14.0,.485,0.4,0.8,.500,6.4,13.2,.484,2.5,3.0,.857,4.2,10.2,14.4,3.0,0.8,2.5,2.5,9.8,16.5,,111,105
395,Shamorie Ponds\pondssh01,PG,21,TOR,4,0,11,13.0,21.7,.600,4.3,8.7,.500,8.7,13.0,.667,8.7,8.7,1.000,0.0,4.3,4.3,8.7,0.0,4.3,0.0,8.7,39.0,,164,107
396,Jordan Poole\poolejo01,SG,20,GSW,57,14,1274,6.3,18.9,.333,2.8,10.0,.279,3.5,8.9,.392,3.6,4.5,.798,0.3,4.1,4.4,5.0,1.3,0.4,2.8,3.5,18.9,,91,117
397,Kevin Porter Jr.\porteke02,SF,19,CLE,50,3,1162,7.8,17.6,.442,2.2,6.6,.335,5.6,11.0,.506,3.1,4.2,.723,0.9,5.9,6.8,4.6,1.9,0.6,3.9,5.7,20.9,,99,115
398,Michael Porter Jr.\portemi01,PF,21,DEN,48,1,670,10.4,21.0,.495,3.2,7.5,.422,7.2,13.5,.536,2.4,3.2,.767,3.9,10.8,14.7,2.6,1.5,1.4,2.6,5.5,26.4,,114,107
399,Otto Porter\porteot01,SF,26,CHI,14,9,331,9.0,20.4,.443,3.5,9.0,.387,5.5,11.4,.487,2.8,3.9,.704,1.9,5.1,7.0,3.6,2.2,0.9,1.6,4.5,24.3,,112,110
400,Bobby Portis\portibo01,C,24,NYK,66,5,1393,9.3,20.6,.450,2.3,6.5,.358,6.9,14.1,.493,2.5,3.3,.763,2.8,9.0,11.8,3.4,1.1,0.6,2.6,3.8,23.3,,107,113
401,Kristaps Porziņģis\porzikr01,PF,24,DAL,51,51,1597,10.3,24.5,.420,3.8,10.9,.349,6.5,13.6,.477,5.4,6.9,.776,2.7,11.9,14.6,2.7,1.1,3.2,2.5,4.8,29.7,,109,106
402,Dwight Powell\poweldw01,C,28,DAL,40,37,1061,6.7,10.5,.638,0.5,1.8,.256,6.2,8.7,.716,3.4,5.1,.667,3.4,6.9,10.4,2.7,1.6,1.0,1.6,4.7,17.2,,134,110
403,Norman Powell\powelno01,SG,26,TOR,44,23,1269,9.7,19.4,.502,3.5,8.9,.398,6.2,10.5,.589,4.1,4.9,.838,0.9,5.2,6.1,2.9,2.1,0.6,2.4,3.5,27.1,,117,106
404,Chasson Randle\randlch01,PG,26,GSW,3,0,40,0.0,4.8,.000,0.0,2.4,.000,0.0,2.4,.000,6.0,7.2,.833,0.0,2.4,2.4,6.0,2.4,0.0,0.0,3.6,6.0,,113,116
405,Julius Randle\randlju01,PF,25,NYK,64,64,2080,10.8,23.5,.460,1.5,5.4,.277,9.3,18.1,.515,6.0,8.2,.733,3.5,11.0,14.6,4.6,1.2,0.5,4.5,4.2,29.2,,105,112
406,Josh Reaves\reavejo02,SG,22,DAL,2,0,1,0.0,48.4,.000,0.0,0.0,,0.0,48.4,.000,0.0,0.0,,0.0,0.0,0.0,0.0,0.0,0.0,0.0,0.0,0.0,,0,119
407,Cam Reddish\reddica01,SF,20,ATL,58,34,1551,6.4,16.6,.384,2.5,7.5,.332,3.9,9.1,.428,3.0,3.8,.802,1.1,5.4,6.5,2.6,1.9,0.8,2.9,4.0,18.3,,95,115
408,J.J. Redick\redicjj01,SG,35,NOP,54,35,1425,8.1,18.1,.450,5.1,11.2,.452,3.1,6.9,.446,4.8,5.3,.902,0.3,4.2,4.5,3.5,0.6,0.3,2.1,2.8,26.1,,122,116
409,Naz Reid\reidna01,C,20,MIN,30,11,495,9.4,22.8,.412,3.0,9.1,.330,6.4,13.7,.466,3.5,5.0,.698,3.2,8.4,11.6,3.3,1.8,2.1,2.1,7.8,25.2,,105,110
410,Josh Richardson\richajo01,SG,26,PHI,48,46,1474,8.1,18.9,.429,2.3,7.1,.327,5.8,11.9,.489,3.3,4.2,.789,1.2,4.1,5.3,4.9,1.5,1.1,3.0,4.0,21.9,,103,110
411,Austin Rivers\riverau01,SG,27,HOU,60,4,1402,6.0,14.3,.421,2.8,7.7,.358,3.3,6.6,.495,2.0,3.0,.667,0.8,3.9,4.7,3.2,1.4,0.3,1.2,3.7,16.8,,112,113
412,Duncan Robinson\robindu01,SF,25,MIA,65,60,1949,7.2,15.4,.467,6.1,13.6,.448,1.1,1.8,.614,1.2,1.3,.906,0.2,5.1,5.3,2.3,0.9,0.4,1.5,4.5,21.7,,122,113
413,Glenn Robinson III\robingl02,SF,26,TOT,60,52,1743,7.7,15.9,.486,2.0,5.3,.387,5.7,10.6,.535,2.0,2.3,.867,2.1,5.0,7.2,2.6,1.5,0.4,1.5,2.7,19.5,,114,115
413,Glenn Robinson III\robingl02,SF,26,GSW,48,48,1516,7.7,16.0,.481,2.1,5.4,.400,5.6,10.6,.522,2.0,2.3,.851,2.1,5.1,7.1,2.7,1.4,0.4,1.6,2.6,19.5,,112,116
413,Glenn Robinson III\robingl02,SF,26,PHI,12,4,227,7.9,15.2,.521,1.3,4.5,.286,6.6,10.7,.620,1.9,1.9,1.000,2.6,4.7,7.3,2.4,1.7,0.4,0.6,3.2,19.0,,126,110
414,Jerome Robinson\robinje01,SG,22,TOT,55,4,748,4.7,13.6,.347,1.9,6.5,.298,2.8,7.0,.393,1.3,1.8,.690,0.6,6.1,6.7,4.1,1.4,0.9,2.1,5.2,12.6,,91,111
414,Jerome Robinson\robinje01,SG,22,LAC,42,1,476,4.6,13.5,.338,1.9,6.6,.284,2.7,6.8,.391,1.1,1.9,.579,0.5,5.4,5.9,4.6,1.3,0.8,2.6,5.4,12.1,,87,109
414,Jerome Robinson\robinje01,SG,22,WAS,13,3,272,5.0,13.7,.363,2.1,6.3,.324,2.9,7.4,.395,1.5,1.7,.900,0.7,7.2,7.9,3.3,1.5,1.0,1.4,4.8,13.6,,98,115
415,Justin Robinson\robinju01,PG,22,WAS,9,0,49,4.8,11.4,.417,2.9,4.8,.600,1.9,6.7,.286,0.0,0.0,,1.0,3.8,4.8,6.7,0.0,1.0,2.9,1.9,12.4,,105,121
416,Mitchell Robinson\robinmi01,C,21,NYK,61,7,1412,8.7,11.8,.742,0.0,0.0,,8.7,11.8,.742,2.9,5.1,.568,6.4,8.3,14.8,1.2,1.8,4.1,1.3,6.7,20.3,,144,107
417,Isaiah Roby\robyis01,SF,21,OKC,3,0,11,0.0,4.4,.000,0.0,0.0,,0.0,4.4,.000,0.0,0.0,,0.0,8.9,8.9,0.0,0.0,0.0,4.4,4.4,0.0,,0,113
418,Rajon Rondo\rondora01,PG,33,LAL,48,3,984,6.6,15.9,.418,2.0,6.0,.328,4.6,9.8,.473,1.3,2.0,.659,1.1,5.8,6.9,11.6,1.9,0.1,4.4,2.8,16.5,,103,108
419,Derrick Rose\rosede01,PG,31,DET,50,15,1298,14.0,28.5,.490,1.7,5.6,.306,12.3,23.0,.535,4.6,5.3,.871,1.0,3.6,4.6,10.5,1.5,0.6,4.8,1.9,34.3,,109,115
420,Terrence Ross\rosste01,SG,28,ORL,63,0,1723,9.0,22.0,.407,4.6,12.9,.357,4.4,9.2,.477,3.9,4.6,.845,0.4,5.4,5.8,2.1,2.0,0.6,1.8,2.7,26.3,,106,110
421,Terry Rozier\roziete01,PG,25,CHO,63,63,2164,9.2,21.8,.423,4.0,9.8,.407,5.2,12.0,.436,3.8,4.4,.874,1.2,5.2,6.4,6.0,1.4,0.2,3.3,2.9,26.3,,108,115
422,Ricky Rubio\rubiori01,PG,29,PHO,57,57,1802,6.6,16.1,.412,1.7,4.9,.351,4.9,11.1,.440,4.6,5.4,.853,1.1,5.9,7.0,13.3,2.3,0.2,4.1,3.8,19.5,,112,111
423,D'Angelo Russell\russeda01,PG,23,TOT,45,45,1452,11.8,27.7,.426,5.2,14.1,.367,6.6,13.6,.487,5.3,6.5,.809,0.6,5.2,5.8,9.3,1.6,0.4,4.8,2.8,34.0,,106,115
423,D'Angelo Russell\russeda01,PG,23,GSW,33,33,1060,12.3,28.7,.430,5.4,14.5,.374,6.9,14.2,.487,5.1,6.5,.785,0.6,4.9,5.5,9.3,1.4,0.4,4.6,2.9,35.2,,106,116
423,D'Angelo Russell\russeda01,PG,23,MIN,12,12,392,10.3,25.0,.412,4.5,13.0,.345,5.8,12.0,.485,5.7,6.5,.873,0.4,6.2,6.5,9.4,2.0,0.5,5.4,2.6,30.8,,105,113
424,Domantas Sabonis\sabondo01,C,23,IND,62,62,2159,10.3,19.1,.540,0.4,1.5,.254,10.0,17.6,.565,4.8,6.7,.723,4.3,13.1,17.4,7.0,1.1,0.7,3.8,4.4,25.9,,115,106
425,Luka Šamanić\samanlu01,PF,20,SAS,1,0,12,0.0,16.0,.000,0.0,8.0,.000,0.0,8.0,.000,0.0,0.0,,0.0,8.0,8.0,12.0,0.0,0.0,0.0,0.0,0.0,,43,118
426,JaKarr Sampson\sampsja02,SF,26,IND,26,10,340,6.9,11.6,.593,0.3,1.9,.154,6.6,9.7,.676,1.6,2.9,.550,2.1,6.3,8.5,1.3,1.3,1.3,1.0,6.2,15.6,,119,109
427,Dario Šarić\saricda01,PF,25,PHO,58,50,1441,7.1,15.4,.462,2.4,7.0,.341,4.7,8.4,.563,2.6,3.1,.832,2.9,8.4,11.3,3.6,1.1,0.5,2.4,4.3,19.3,,112,112
428,Tomáš Satoranský\satorto01,PG,28,CHI,65,64,1878,6.1,14.1,.430,1.6,5.1,.322,4.4,9.0,.491,2.7,3.1,.876,1.9,4.6,6.5,9.1,2.1,0.2,3.3,3.5,16.5,,111,112
429,Admiral Schofield\schofad01,SF,22,WAS,27,2,293,4.8,11.9,.400,2.2,7.5,.298,2.5,4.5,.571,1.4,2.1,.692,1.0,4.5,5.4,2.2,1.3,0.5,1.1,6.5,13.2,,105,118
430,Dennis Schröder\schrode01,PG,26,OKC,63,1,1952,11.0,23.6,.468,3.0,8.0,.381,8.0,15.6,.512,4.8,5.7,.839,0.5,5.3,5.8,6.4,1.1,0.3,4.0,3.4,29.9,,108,112
431,Mike Scott\scottmi01,PF,31,PHI,63,10,1119,5.6,13.9,.408,3.2,8.9,.358,2.5,5.0,.496,1.1,1.3,.833,2.5,7.3,9.8,2.1,0.8,0.2,1.0,3.7,15.5,,113,111
432,Thabo Sefolosha\sefolth01,PF,35,HOU,41,0,436,3.9,9.7,.407,1.6,5.8,.278,2.3,3.9,.595,0.3,0.9,.375,2.2,7.7,9.9,2.7,2.6,1.3,1.6,4.6,9.8,,104,107
433,Collin Sexton\sextoco01,SG,21,CLE,65,65,2143,11.6,24.7,.472,2.2,5.8,.380,9.4,18.9,.501,5.1,6.1,.846,1.4,3.2,4.6,4.4,1.5,0.2,3.6,3.2,30.6,,108,118
434,Landry Shamet\shamela01,SG,22,LAC,47,27,1294,5.3,12.8,.416,3.8,9.8,.392,1.5,3.0,.494,2.1,2.3,.905,0.2,3.1,3.3,3.2,0.7,0.3,1.3,4.7,16.5,,119,112
435,Marial Shayok\shayoma01,SG,24,PHI,2,0,10,4.9,24.3,.200,4.9,14.6,.333,0.0,9.7,.000,0.0,0.0,,0.0,14.6,14.6,4.9,0.0,0.0,4.9,0.0,14.6,,61,110
436,Iman Shumpert\shumpim01,SG,29,BRK,13,0,241,4.1,12.6,.328,1.6,6.5,.242,2.6,6.1,.419,0.8,1.4,.571,1.8,4.9,6.7,2.4,2.4,0.4,2.0,4.1,10.6,,85,109
437,Pascal Siakam\siakapa01,PF,25,TOR,53,53,1882,11.6,25.4,.459,2.9,8.1,.359,8.7,17.2,.506,5.6,7.0,.800,1.4,8.7,10.1,4.8,1.3,1.2,3.3,3.8,31.8,,108,105
438,Chris Silva\silvach01,PF,23,MIA,41,0,307,6.9,11.0,.623,0.0,0.3,.000,6.9,10.7,.642,5.4,7.8,.694,8.6,8.8,17.4,3.3,1.4,2.9,4.9,12.7,19.1,,120,106
439,Ben Simmons\simmobe01,PG,23,PHI,54,54,1930,9.1,15.5,.585,0.1,0.2,.333,9.0,15.4,.588,4.5,7.1,.627,2.7,7.9,10.6,11.1,2.9,0.8,4.8,4.4,22.7,,116,105
440,Anfernee Simons\simonan01,SG,20,POR,65,4,1400,7.2,17.9,.402,2.5,7.5,.338,4.7,10.4,.448,2.6,3.1,.826,0.9,4.2,5.0,3.2,0.9,0.3,2.1,4.5,19.5,,102,118
441,Alen Smailagić\smailal01,PF,19,GSW,14,0,139,6.9,13.8,.500,1.0,4.5,.231,5.9,9.3,.630,5.5,6.5,.842,3.4,5.9,9.3,4.5,1.0,1.4,3.8,4.8,20.3,,112,115
442,Marcus Smart\smartma01,SG,25,BOS,53,39,1721,6.7,17.8,.380,3.6,10.3,.348,3.1,7.4,.424,3.0,3.6,.835,1.1,4.6,5.7,7.2,2.4,0.8,2.5,4.0,20.1,,110,107
443,Dennis Smith Jr.\smithde03,PG,22,NYK,34,3,537,6.5,19.1,.341,1.5,4.9,.296,5.1,14.2,.357,2.4,4.8,.509,1.9,5.2,7.1,8.9,2.5,0.7,5.3,5.9,17.0,,84,112
444,Ish Smith\smithis01,PG,31,WAS,60,19,1570,7.8,17.3,.451,1.6,4.5,.367,6.2,12.8,.480,1.4,2.1,.686,0.8,4.8,5.6,8.5,1.5,0.7,2.3,2.5,18.6,,109,117
445,Zhaire Smith\smithzh01,SG,20,PHI,7,0,32,4.6,16.7,.273,0.0,4.6,.000,4.6,12.1,.375,3.0,6.1,.500,0.0,3.0,3.0,3.0,4.6,0.0,3.0,6.1,12.1,,65,105
446,Tony Snell\snellto01,SF,28,DET,59,57,1641,5.1,11.5,.445,3.1,7.6,.402,2.0,3.8,.531,1.0,1.0,1.000,0.3,3.1,3.3,3.8,1.0,0.4,0.9,3.0,14.2,,121,117
447,Omari Spellman\spellom01,PF,22,GSW,49,3,886,6.9,15.9,.431,2.3,5.9,.391,4.5,10.0,.454,3.9,5.0,.793,4.2,7.7,11.8,2.5,1.8,1.3,2.9,3.4,20.0,,107,112
448,Max Strus\strusma01,SG,23,CHI,2,0,6,16.1,24.1,.667,0.0,8.0,.000,16.1,16.1,1.000,8.0,8.0,1.000,8.0,0.0,8.0,0.0,0.0,0.0,0.0,8.0,40.1,,153,119
449,Edmond Sumner\sumneed01,PG,24,IND,25,2,345,6.6,15.7,.423,1.4,5.4,.263,5.2,10.3,.507,1.4,2.1,.667,1.4,3.8,5.2,5.5,2.1,1.1,2.7,4.9,16.1,,98,109
450,Caleb Swanigan\swanica01,PF,22,TOT,27,1,288,4.6,7.8,.596,0.0,0.3,.000,4.6,7.5,.622,1.5,2.8,.529,4.5,12.1,16.6,5.1,0.5,1.2,6.1,10.3,10.8,,94,112
450,Caleb Swanigan\swanica01,PF,22,SAC,7,0,23,4.2,8.5,.500,0.0,0.0,,4.2,8.5,.500,2.1,4.2,.500,4.2,10.6,14.8,4.2,2.1,4.2,12.7,17.0,10.6,,61,103
450,Caleb Swanigan\swanica01,PF,22,POR,20,1,265,4.7,7.7,.605,0.0,0.4,.000,4.7,7.4,.634,1.4,2.7,.533,4.5,12.2,16.7,5.2,0.4,0.9,5.6,9.7,10.8,,99,113
451,Jayson Tatum\tatumja01,PF,21,BOS,59,59,2043,11.8,26.3,.448,4.0,9.9,.398,7.9,16.4,.479,5.3,6.6,.806,1.3,8.5,9.9,4.1,2.0,1.3,3.1,2.9,32.9,,110,105
452,Jeff Teague\teaguje01,PG,31,TOT,59,17,1464,6.8,15.5,.436,1.4,3.7,.368,5.4,11.8,.457,5.5,6.3,.873,0.9,3.7,4.5,9.8,1.4,0.6,3.7,3.4,20.4,,112,116
452,Jeff Teague\teaguje01,PG,31,MIN,34,13,945,7.1,15.9,.448,1.6,4.3,.379,5.5,11.6,.473,6.1,7.1,.868,0.7,3.6,4.3,10.2,1.2,0.6,3.7,3.4,22.0,,116,116
452,Jeff Teague\teaguje01,PG,31,ATL,25,4,519,6.1,14.8,.412,0.9,2.7,.333,5.2,12.1,.430,4.2,4.8,.887,1.1,3.8,4.8,9.0,1.7,0.5,3.6,3.2,17.3,,105,117
453,Garrett Temple\templga01,SG,33,BRK,55,31,1547,6.1,16.1,.378,3.4,10.6,.324,2.6,5.5,.483,1.7,2.2,.767,0.9,5.0,5.8,4.3,1.3,0.8,1.7,2.9,17.3,,105,110
454,Daniel Theis\theisda01,C,27,BOS,58,57,1382,7.6,13.4,.565,0.9,2.8,.321,6.6,10.5,.631,2.8,3.7,.764,4.5,8.7,13.3,3.3,1.2,2.6,1.7,7.0,18.9,,130,105
455,Isaiah Thomas\thomais02,PG,30,WAS,40,37,925,8.8,21.5,.408,3.9,9.5,.413,4.8,12.0,.405,3.1,3.8,.816,0.6,2.9,3.4,7.4,0.7,0.3,3.9,3.9,24.6,,103,121
456,Khyri Thomas\thomakh01,SG,23,DET,8,0,61,4.0,13.7,.294,4.0,11.3,.357,0.0,2.4,.000,1.6,3.2,.500,0.8,0.0,0.8,2.4,2.4,0.0,2.4,7.3,13.7,,88,116
457,Matt Thomas\thomama02,SG,25,TOR,33,0,321,8.0,16.5,.486,5.2,11.1,.467,2.8,5.4,.528,1.0,1.5,.700,1.0,6.1,7.1,2.5,1.2,0.0,1.8,4.6,22.3,,119,108
458,Tristan Thompson\thomptr01,C,28,CLE,57,51,1721,8.1,15.9,.512,0.3,0.7,.391,7.9,15.2,.518,2.8,4.6,.615,6.4,9.9,16.3,3.4,0.9,1.4,2.9,3.5,19.3,,112,114
459,Matisse Thybulle\thybuma01,SG,22,PHI,57,13,1110,4.2,10.2,.410,2.2,6.2,.352,2.0,4.0,.500,1.1,1.8,.610,1.5,2.2,3.8,3.1,3.5,1.8,2.0,5.3,11.7,,103,105
460,Anthony Tolliver\tollian01,PF,34,TOT,47,9,732,3.5,10.1,.348,2.5,7.9,.322,1.0,2.2,.441,1.2,1.6,.720,2.0,6.7,8.7,2.1,1.0,0.7,2.0,4.2,10.7,,100,115
460,Anthony Tolliver\tollian01,PF,34,POR,33,9,554,3.7,10.1,.368,2.6,7.7,.337,1.1,2.4,.464,1.1,1.6,.684,2.3,7.1,9.5,2.5,0.7,0.8,1.8,4.6,11.1,,106,116
460,Anthony Tolliver\tollian01,PF,34,SAC,9,0,82,1.8,10.1,.176,1.2,8.9,.133,0.6,1.2,.500,0.6,1.2,.500,1.2,5.4,6.5,1.8,2.4,0.6,2.4,3.6,5.4,,57,111
460,Anthony Tolliver\tollian01,PF,34,MEM,5,0,96,3.9,10.2,.381,3.4,8.3,.412,0.5,1.9,.250,1.9,1.9,1.000,0.5,5.4,5.8,0.5,1.5,0.5,2.4,1.9,13.1,,98,113
461,Juan Toscano-Anderson\toscaju01,SF,26,GSW,13,6,272,5.1,11.1,.460,1.4,4.0,.348,3.7,7.0,.525,0.5,0.9,.600,1.6,7.6,9.1,4.6,2.3,0.9,2.8,5.3,12.1,,98,112
462,Karl-Anthony Towns\townska01,C,24,MIN,35,35,1187,12.4,24.3,.508,4.5,10.8,.412,7.9,13.5,.586,7.0,8.8,.796,3.7,11.1,14.8,6.0,1.3,1.6,4.3,4.6,36.2,,121,110
463,Gary Trent Jr.\trentga02,SG,21,POR,53,8,1059,6.7,15.8,.426,3.5,9.0,.388,3.2,6.7,.477,1.4,1.6,.833,0.9,3.1,4.0,2.3,1.8,0.6,0.9,3.1,18.3,,115,116
464,Allonzo Trier\trieral01,PG,24,NYK,24,1,291,8.5,17.7,.481,3.2,8.9,.358,5.4,8.9,.604,5.7,7.2,.791,1.0,3.8,4.9,4.7,0.5,0.7,3.7,4.9,25.9,,115,118
465,P.J. Tucker\tuckepj01,PF,34,HOU,64,64,2203,3.4,7.9,.433,2.0,5.4,.370,1.4,2.5,.573,0.8,0.9,.841,2.2,7.1,9.3,2.1,1.5,0.7,1.4,4.4,9.6,,117,111
466,Rayjon Tucker\tuckera01,SG,22,UTA,14,0,78,5.0,11.9,.421,0.0,3.8,.000,5.0,8.1,.615,1.9,3.1,.600,1.3,6.9,8.1,1.3,0.6,0.0,1.9,4.4,11.9,,88,112
467,Evan Turner\turneev01,PG,31,ATL,19,0,251,4.6,12.4,.373,0.0,0.9,.000,4.6,11.5,.403,2.2,2.6,.857,1.5,5.6,7.1,7.1,1.7,1.5,4.8,3.7,11.5,,84,115
468,Myles Turner\turnemy01,C,23,IND,55,55,1628,7.0,15.5,.451,2.3,6.9,.336,4.7,8.6,.542,3.2,4.3,.750,2.1,8.7,10.8,1.8,1.3,3.6,2.0,4.1,19.5,,108,105
469,Jarrod Uthoff\uthofja01,SF,26,MEM,4,0,14,3.3,23.3,.143,0.0,13.3,.000,3.3,10.0,.333,6.7,6.7,1.000,3.3,0.0,3.3,0.0,3.3,0.0,0.0,3.3,13.3,,67,112
470,Jonas Valančiūnas\valanjo01,C,27,MEM,62,62,1630,11.0,18.8,.586,0.8,2.3,.367,10.2,16.6,.616,3.5,4.8,.732,5.4,14.5,19.9,3.1,0.7,2.0,3.1,4.6,26.4,,120,107
471,Denzel Valentine\valende01,SF,26,CHI,36,5,488,9.6,23.4,.409,4.5,13.5,.336,5.0,9.9,.510,0.6,0.8,.750,0.9,6.4,7.3,4.2,2.6,0.6,2.6,5.0,24.3,,100,109
472,Jarred Vanderbilt\vandeja01,SF-PF,20,TOT,11,0,46,5.3,8.5,.625,0.0,1.1,.000,5.3,7.5,.714,2.1,2.1,1.000,3.2,6.4,9.6,2.1,3.2,1.1,7.5,6.4,12.8,,81,107
472,Jarred Vanderbilt\vandeja01,SF,20,DEN,9,0,41,6.0,8.4,.714,0.0,0.0,,6.0,8.4,.714,0.0,0.0,,3.6,6.0,9.6,2.4,3.6,1.2,8.4,7.2,12.0,,77,105
472,Jarred Vanderbilt\vandeja01,PF,20,MIN,2,0,5,0.0,9.3,.000,0.0,9.3,.000,0.0,0.0,,18.6,18.6,1.000,0.0,9.3,9.3,0.0,0.0,0.0,0.0,0.0,18.6,,124,116
473,Fred VanVleet\vanvlfr01,PG,25,TOR,48,48,1719,8.0,19.5,.409,3.6,9.4,.388,4.3,10.1,.430,3.9,4.6,.843,0.5,4.5,5.0,8.8,2.5,0.4,3.1,3.3,23.5,,111,106
474,Gabe Vincent\vincega01,PG,23,MIA,6,0,42,4.7,22.1,.211,4.7,18.6,.250,0.0,3.5,.000,0.0,0.0,,0.0,3.5,3.5,3.5,1.2,0.0,0.0,2.3,14.0,,75,114
475,Noah Vonleh\vonleno01,C-PF,24,TOT,33,1,364,6.4,11.4,.562,0.4,1.9,.200,6.0,9.5,.635,3.1,3.8,.800,4.7,11.0,15.7,3.5,1.4,0.8,2.7,4.9,16.2,,120,111
475,Noah Vonleh\vonleno01,C,24,MIN,29,1,347,6.3,11.5,.547,0.3,1.9,.143,6.0,9.6,.625,3.1,3.7,.821,4.5,11.0,15.5,3.5,1.5,0.8,2.5,4.8,15.9,,119,111
475,Noah Vonleh\vonleno01,PF,24,DEN,4,0,17,8.7,8.7,1.000,2.9,2.9,1.000,5.8,5.8,1.000,2.9,5.8,.500,8.7,11.6,20.3,2.9,0.0,0.0,5.8,5.8,23.2,,133,112
476,Nikola Vučević\vucevni01,C,29,ORL,54,54,1763,11.8,25.2,.470,2.3,6.9,.329,9.6,18.3,.523,3.2,4.0,.781,3.6,12.9,16.5,5.6,1.3,1.3,2.1,3.3,29.1,,113,107
477,Dean Wade\wadede01,PF,23,CLE,12,0,71,6.2,8.9,.692,1.4,2.7,.500,4.8,6.2,.778,0.0,0.7,.000,2.1,11.0,13.0,1.4,1.4,2.7,2.1,5.5,13.7,,122,111
478,Moritz Wagner\wagnemo01,C,22,WAS,37,5,707,8.6,15.1,.575,1.5,4.4,.343,7.1,10.6,.671,4.4,5.4,.817,3.4,9.3,12.7,3.2,1.5,1.1,3.6,8.8,23.2,,119,114
479,Dion Waiters\waitedi01,SG,28,MIA,3,0,42,11.6,30.3,.385,9.3,19.8,.471,2.3,10.5,.222,0.0,1.2,.000,0.0,12.8,12.8,3.5,0.0,2.3,3.5,5.8,32.6,,93,108
480,Kemba Walker\walkeke02,PG,29,BOS,50,50,1592,10.6,25.3,.421,5.0,13.3,.377,5.6,12.0,.470,5.9,6.8,.867,1.0,5.2,6.2,7.5,1.4,0.8,3.3,2.3,32.2,,115,109
481,Lonnie Walker\walkelo01,SG,21,SAS,53,4,767,7.3,16.7,.434,1.8,4.4,.408,5.4,12.3,.444,2.4,3.3,.717,1.3,5.9,7.2,2.9,1.8,0.8,1.9,4.4,18.7,,101,114
482,Tyrone Wallace\wallaty01,SG,25,ATL,14,0,160,4.1,12.8,.318,0.3,4.4,.067,3.8,8.4,.448,3.2,5.0,.647,0.9,5.5,6.4,3.8,2.0,0.3,2.9,5.5,11.6,,80,115
483,Taurean Prince\princta02,SF,25,BRK,64,61,1857,7.1,18.9,.376,3.7,11.0,.339,3.4,7.9,.429,1.8,2.3,.798,1.3,8.5,9.7,3.0,1.5,0.6,3.2,4.1,19.8,,94,108
484,Derrick Walton\waltode01,PG,24,TOT,26,1,248,3.4,7.4,.462,1.9,4.6,.417,1.5,2.9,.533,1.3,1.7,.778,0.4,2.7,3.1,5.2,1.3,0.0,1.0,4.0,10.1,,131,112
484,Derrick Walton\waltode01,PG,24,LAC,23,1,222,3.6,7.6,.472,1.9,4.5,.429,1.7,3.2,.533,1.5,1.9,.778,0.4,2.8,3.2,4.7,0.8,0.0,0.8,4.0,10.6,,133,113
484,Derrick Walton\waltode01,PG,24,DET,3,0,26,1.9,5.7,.333,1.9,5.7,.333,0.0,0.0,,0.0,0.0,,0.0,1.9,1.9,9.5,5.7,0.0,1.9,3.8,5.7,,117,107
485,Brad Wanamaker\wanambr01,PG,30,BOS,63,1,1215,5.4,12.7,.428,1.3,3.6,.367,4.1,9.1,.452,4.3,4.6,.931,0.8,4.2,4.9,6.3,2.1,0.5,2.8,4.8,16.4,,112,108
486,T.J. Warren\warretj01,SF,26,IND,61,61,1984,11.3,21.3,.529,1.7,4.5,.375,9.6,16.8,.571,3.7,4.6,.812,1.5,4.4,5.9,2.1,1.7,0.7,1.9,4.2,28.0,,115,110
487,P.J. Washington\washipj01,PF,21,CHO,58,57,1759,7.6,16.8,.455,2.4,6.6,.374,5.2,10.2,.507,2.5,3.9,.647,1.7,7.3,9.0,3.5,1.5,1.3,2.6,4.5,20.2,,105,112
488,Yuta Watanabe\watanyu01,SG,25,MEM,16,0,99,5.7,13.7,.414,1.4,3.8,.375,4.2,9.9,.429,1.4,3.8,.375,2.8,5.2,8.0,1.9,2.4,0.5,0.9,4.2,14.2,,101,111
489,Tremont Waters\watertr01,PG,22,BOS,10,0,89,6.5,19.0,.343,1.6,9.2,.176,4.9,9.8,.500,3.3,3.3,1.000,0.0,4.9,4.9,6.5,2.7,1.1,5.4,6.0,17.9,,83,106
490,Paul Watson\watsopa01,SF-SG,25,TOT,5,0,25,0.0,15.0,.000,0.0,7.5,.000,0.0,7.5,.000,1.9,3.8,.500,0.0,7.5,7.5,9.4,1.9,1.9,0.0,1.9,1.9,,46,110
490,Paul Watson\watsopa01,SG,25,ATL,2,0,17,0.0,19.2,.000,0.0,8.2,.000,0.0,11.0,.000,0.0,0.0,,0.0,5.5,5.5,8.2,2.7,0.0,0.0,2.7,0.0,,27,114
490,Paul Watson\watsopa01,SF,25,TOR,3,0,8,0.0,6.0,.000,0.0,6.0,.000,0.0,0.0,,6.0,11.9,.500,0.0,11.9,11.9,11.9,0.0,6.0,0.0,0.0,6.0,,104,100
491,Quinndary Weatherspoon\weathqu01,SG,23,SAS,3,0,15,0.0,9.6,.000,0.0,3.2,.000,0.0,6.4,.000,0.0,0.0,,0.0,3.2,3.2,3.2,0.0,0.0,0.0,0.0,0.0,,21,121
492,Russell Westbrook\westbru01,PG,31,HOU,53,53,1905,13.9,29.2,.474,1.2,4.9,.254,12.6,24.3,.518,6.6,8.4,.777,2.3,8.1,10.4,9.0,2.1,0.4,5.8,4.6,35.5,,107,109
493,Coby White\whiteco01,SG,19,CHI,65,1,1674,9.0,22.8,.394,3.8,10.8,.354,5.2,12.0,.430,2.9,3.7,.791,0.8,5.8,6.6,5.0,1.4,0.2,3.1,3.4,24.7,,100,112
494,Derrick White\whitede01,SG,25,SAS,61,13,1468,7.0,15.2,.459,1.9,5.2,.356,5.1,9.9,.513,4.9,5.7,.857,1.0,5.3,6.3,6.7,1.3,1.8,2.5,4.4,20.7,,117,114
495,Hassan Whiteside\whiteha01,C,30,POR,61,61,1911,10.4,16.9,.618,0.1,0.2,.571,10.3,16.7,.619,3.8,5.6,.680,6.1,15.6,21.7,1.8,0.6,4.7,2.9,4.5,24.8,,124,106
496,Andrew Wiggins\wiggian01,SF-SG,24,TOT,54,54,1858,11.0,24.6,.447,2.8,8.4,.332,8.2,16.2,.506,4.8,6.7,.709,1.7,5.2,6.9,5.0,1.1,1.3,3.3,3.2,29.6,,105,114
496,Andrew Wiggins\wiggian01,SF,24,MIN,42,42,1455,11.2,25.2,.444,2.9,8.8,.331,8.3,16.4,.505,4.8,6.6,.720,1.5,5.5,7.0,4.9,0.9,1.1,3.4,3.2,30.1,,104,115
496,Andrew Wiggins\wiggian01,SG,24,GSW,12,12,403,10.2,22.3,.457,2.4,7.0,.339,7.8,15.3,.512,4.9,7.2,.672,2.1,4.4,6.5,5.1,1.9,2.0,3.0,3.1,27.7,,106,113
497,Grant Williams\willigr01,PF,21,BOS,62,5,970,4.0,9.6,.417,1.0,4.2,.247,2.9,5.3,.551,1.8,2.5,.725,2.9,5.3,8.2,3.1,1.4,1.6,2.3,7.4,10.9,,105,108
498,Johnathan Williams\willijo04,C,24,WAS,11,5,135,5.5,8.6,.640,0.0,0.7,.000,5.5,8.0,.696,1.0,1.7,.600,5.2,9.7,14.9,2.1,0.3,2.1,1.4,3.8,12.1,,132,115
499,Kenrich Williams\willike04,PF,25,NOP,35,18,779,2.9,8.5,.343,1.5,5.7,.260,1.4,2.8,.511,0.5,1.4,.375,2.9,7.7,10.6,3.1,1.5,1.2,1.2,4.8,7.8,,103,111
500,Lou Williams\willilo02,SG,33,LAC,60,8,1757,9.8,23.7,.416,2.9,7.9,.363,7.0,15.8,.442,7.5,8.6,.863,0.8,4.2,5.0,9.2,1.1,0.3,4.6,2.1,30.0,,109,111
501,Marvin Williams\willima02,PF,33,TOT,52,1,1011,5.3,12.1,.442,2.5,7.0,.361,2.8,5.1,.552,2.3,2.6,.870,1.0,6.2,7.2,2.7,1.7,1.3,1.4,4.6,15.5,,116,110
501,Marvin Williams\willima02,PF,33,CHO,41,1,808,5.8,13.0,.448,2.7,7.3,.376,3.1,5.8,.538,2.7,3.1,.860,0.9,5.8,6.8,2.5,1.6,1.4,1.6,4.4,17.1,,115,113
501,Marvin Williams\willima02,PF,33,MIL,11,0,203,3.6,8.8,.410,1.8,6.1,.296,1.8,2.7,.667,0.9,0.9,1.000,1.1,7.7,8.8,3.4,2.0,0.9,0.7,5.2,9.9,,119,101
502,Robert Williams\williro04,C,22,BOS,23,1,323,6.3,9.3,.677,0.0,0.0,,6.3,9.3,.677,2.1,3.7,.560,5.1,11.1,16.2,3.3,3.0,4.2,3.0,6.0,14.7,,123,98
503,Nigel Williams-Goss\willini01,PG,25,UTA,9,0,28,1.7,12.2,.143,0.0,3.5,.000,1.7,8.7,.200,3.5,3.5,1.000,3.5,5.2,8.7,8.7,1.7,1.7,3.5,3.5,7.0,,80,108
504,Zion Williamson\willizi01,PF,19,NOP,19,19,565,14.1,23.9,.589,0.5,1.1,.462,13.6,22.8,.595,8.0,12.4,.645,4.5,6.1,10.5,3.4,1.3,0.7,4.2,2.6,36.6,,116,113
505,D.J. Wilson\wilsodj01,PF,23,MIL,31,0,280,6.5,16.5,.396,2.3,9.0,.255,4.2,7.5,.565,1.0,1.5,.667,1.6,9.5,11.1,3.6,0.3,0.8,2.4,4.2,16.3,,95,104
506,Justise Winslow\winslju01,SF,23,MIA,11,5,352,6.9,17.9,.388,0.8,3.8,.222,6.1,14.2,.431,2.5,3.8,.667,2.2,7.9,10.1,6.1,1.0,0.7,3.3,5.3,17.2,,93,111
507,Christian Wood\woodch01,PF,24,DET,62,12,1325,10.7,18.9,.567,2.0,5.2,.386,8.7,13.7,.636,6.7,9.0,.744,3.9,10.6,14.5,2.2,1.3,2.0,3.1,3.6,30.1,,123,110
508,Delon Wright\wrighde01,SG,27,DAL,65,5,1412,6.1,13.1,.470,1.5,4.0,.385,4.6,9.1,.508,2.4,3.1,.789,2.3,6.6,8.9,7.5,2.6,0.7,2.3,2.8,16.3,,121,109
509,Justin Wright-Foreman\wrighju02,PG,22,UTA,1,0,2,0.0,0.0,,0.0,0.0,,0.0,0.0,,0.0,0.0,,0.0,0.0,0.0,0.0,0.0,0.0,0.0,0.0,0.0,,,117
510,Thaddeus Young\youngth01,PF,31,CHI,64,16,1591,8.1,18.2,.448,2.4,6.7,.356,5.8,11.5,.501,1.3,2.2,.583,2.8,6.7,9.5,3.5,2.8,0.7,3.1,4.1,20.0,,101,108
511,Trae Young\youngtr01,PG,21,ATL,60,60,2120,12.0,27.5,.437,4.5,12.5,.361,7.5,15.0,.501,10.6,12.3,.860,0.7,4.9,5.6,12.3,1.4,0.2,6.4,2.3,39.1,,114,117
512,Cody Zeller\zelleco01,C,27,CHO,58,39,1341,9.4,17.9,.524,0.7,2.8,.240,8.7,15.1,.577,4.6,6.7,.682,6.0,9.4,15.4,3.3,1.5,0.9,2.8,5.2,24.0,,116,111
513,Ante Žižić\zizican01,C,23,CLE,22,0,221,9.0,15.9,.569,0.0,0.0,,9.0,15.9,.569,3.1,4.2,.737,4.0,10.6,14.5,1.3,1.5,1.1,2.2,5.9,21.1,,116,113
514,Ivica Zubac\zubaciv01,C,22,LAC,64,62,1156,8.2,13.7,.601,0.0,0.1,.000,8.2,13.6,.605,4.4,5.8,.759,6.8,12.0,18.8,2.8,0.5,2.4,2.2,6.0,20.8,,132,104